scenario,entities,threads,matches,sample,iterations,ns_per_iteration,checksum
sparse_query2_dense,1000,1,1000,0,19942,1504.434,30002739000.000
sparse_query2_dense,1000,1,1000,1,19300,1554.456,29036850000.000
sparse_query2_dense,1000,1,1000,2,19701,1522.772,29640154500.000
sparse_query2_dense,1000,1,1000,3,19677,1524.648,29604046500.000
sparse_query2_dense,1000,1,1000,4,19951,1503.740,30016279500.000
sparse_query2_dense,1000,1,1000,5,19550,1534.555,29412975000.000
sparse_query2_dense,1000,1,1000,6,19896,1507.845,29933532000.000
archetype_query2_dense,1000,1,1000,0,52317,573.435,78710926500.000
archetype_query2_dense,1000,1,1000,1,52060,576.264,78324270000.000
archetype_query2_dense,1000,1,1000,2,52339,573.187,78744025500.000
archetype_query2_dense,1000,1,1000,3,53685,558.823,80769082500.000
archetype_query2_dense,1000,1,1000,4,53636,559.331,80695362000.000
archetype_query2_dense,1000,1,1000,5,53301,562.843,80191354500.000
archetype_query2_dense,1000,1,1000,6,53029,565.731,79782130500.000
sparse_query4_dense,1000,1,1000,0,11772,2548.533,18888174000.000
sparse_query4_dense,1000,1,1000,1,11728,2558.187,18817576000.000
sparse_query4_dense,1000,1,1000,2,11584,2589.901,18586528000.000
sparse_query4_dense,1000,1,1000,3,11605,2585.121,18620222500.000
sparse_query4_dense,1000,1,1000,4,11647,2575.874,18687611500.000
sparse_query4_dense,1000,1,1000,5,11458,2618.371,18384361000.000
sparse_query4_dense,1000,1,1000,6,11500,2608.877,18451750000.000
archetype_query4_dense,1000,1,1000,0,50947,588.848,81744461500.000
archetype_query4_dense,1000,1,1000,1,50022,599.744,80260299000.000
archetype_query4_dense,1000,1,1000,2,50887,589.542,81648191500.000
archetype_query4_dense,1000,1,1000,3,51342,584.324,82378239000.000
archetype_query4_dense,1000,1,1000,4,51487,582.683,82610891500.000
archetype_query4_dense,1000,1,1000,5,51683,580.471,82925373500.000
archetype_query4_dense,1000,1,1000,6,51939,577.610,83336125500.000
sparse_query2_one_percent,1000,1,1000,0,19919,1506.158,29968135500.000
sparse_query2_one_percent,1000,1,1000,1,19498,1538.656,29334741000.000
sparse_query2_one_percent,1000,1,1000,2,19648,1526.913,29560416000.000
sparse_query2_one_percent,1000,1,1000,3,19897,1507.807,29935036500.000
sparse_query2_one_percent,1000,1,1000,4,19616,1529.436,29512272000.000
sparse_query2_one_percent,1000,1,1000,5,19621,1529.014,29519794500.000
sparse_query2_one_percent,1000,1,1000,6,19614,1529.566,29509263000.000
archetype_query2_one_percent,1000,1,1000,0,51948,577.512,78155766000.000
archetype_query2_one_percent,1000,1,1000,1,53068,565.319,79840806000.000
archetype_query2_one_percent,1000,1,1000,2,52988,566.172,79720446000.000
archetype_query2_one_percent,1000,1,1000,3,52539,571.005,79044925500.000
archetype_query2_one_percent,1000,1,1000,4,53202,563.898,80042409000.000
archetype_query2_one_percent,1000,1,1000,5,53246,563.429,80108607000.000
archetype_query2_one_percent,1000,1,1000,6,53686,558.811,80770587000.000
sparse_query4_one_percent,1000,1,10,0,173225,173.185,2522156000.000
sparse_query4_one_percent,1000,1,10,1,175891,170.561,2560972960.000
sparse_query4_one_percent,1000,1,10,2,166268,180.432,2420862080.000
sparse_query4_one_percent,1000,1,10,3,172691,173.722,2514380960.000
sparse_query4_one_percent,1000,1,10,4,165253,181.541,2406083680.000
sparse_query4_one_percent,1000,1,10,5,172021,174.398,2504625760.000
sparse_query4_one_percent,1000,1,10,6,172286,174.130,2508484160.000
archetype_query4_one_percent,1000,1,10,0,1467803,20.439,21371211680.000
archetype_query4_one_percent,1000,1,10,1,1474407,20.347,21467365920.000
archetype_query4_one_percent,1000,1,10,2,1471146,20.392,21419885760.000
archetype_query4_one_percent,1000,1,10,3,1467627,20.441,21368649120.000
archetype_query4_one_percent,1000,1,10,4,1327552,22.598,19329157120.000
archetype_query4_one_percent,1000,1,10,5,1013167,29.610,14751711520.000
archetype_query4_one_percent,1000,1,10,6,1455353,20.614,21189939680.000
sparse_churn_tag_roundtrip,1000,1,999,0,1220,24596.107,1220000.000
sparse_churn_tag_roundtrip,1000,1,999,1,1254,23926.435,1254000.000
sparse_churn_tag_roundtrip,1000,1,999,2,1271,23619.591,1271000.000
sparse_churn_tag_roundtrip,1000,1,999,3,1310,22908.238,1310000.000
sparse_churn_tag_roundtrip,1000,1,999,4,1272,23585.037,1272000.000
sparse_churn_tag_roundtrip,1000,1,999,5,1278,23478.580,1278000.000
sparse_churn_tag_roundtrip,1000,1,999,6,1286,23334.532,1286000.000
archetype_churn_tag_roundtrip,1000,1,999,0,1977,15179.565,1975023.000
archetype_churn_tag_roundtrip,1000,1,999,1,1997,15022.909,1995003.000
archetype_churn_tag_roundtrip,1000,1,999,2,2001,14997.355,1998999.000
archetype_churn_tag_roundtrip,1000,1,999,3,1994,15052.136,1992006.000
archetype_churn_tag_roundtrip,1000,1,999,4,2009,14937.842,2006991.000
archetype_churn_tag_roundtrip,1000,1,999,5,1970,15233.545,1968030.000
archetype_churn_tag_roundtrip,1000,1,999,6,1945,15427.999,1943055.000
sparse_query2_dense,10000,1,10000,0,2046,14664.121,30941166960.000
sparse_query2_dense,10000,1,10000,1,2031,14776.259,30714325560.000
sparse_query2_dense,10000,1,10000,2,2022,14838.897,30578220720.000
sparse_query2_dense,10000,1,10000,3,2017,14875.517,30502606920.000
sparse_query2_dense,10000,1,10000,4,2034,14752.355,30759693840.000
sparse_query2_dense,10000,1,10000,5,2001,14997.481,30260642760.000
sparse_query2_dense,10000,1,10000,6,2025,14817.736,30623589000.000
archetype_query2_dense,10000,1,10000,0,5062,5926.873,76551411120.000
archetype_query2_dense,10000,1,10000,1,5021,5974.930,75931377960.000
archetype_query2_dense,10000,1,10000,2,5168,5805.913,78154423680.000
archetype_query2_dense,10000,1,10000,3,4820,6224.931,72891703200.000
archetype_query2_dense,10000,1,10000,4,4494,6678.822,67961683440.000
archetype_query2_dense,10000,1,10000,5,4551,6592.361,68823680760.000
archetype_query2_dense,10000,1,10000,6,5236,5730.034,79182771360.000
sparse_query4_dense,10000,1,10000,0,1146,26193.281,18476682960.000
sparse_query4_dense,10000,1,10000,1,1150,26096.739,18541174000.000
sparse_query4_dense,10000,1,10000,2,1157,25947.349,18654033320.000
sparse_query4_dense,10000,1,10000,3,1104,27178.329,17799527040.000
sparse_query4_dense,10000,1,10000,4,1038,28910.244,16735424880.000
sparse_query4_dense,10000,1,10000,5,1134,26463.478,18283209840.000
sparse_query4_dense,10000,1,10000,6,1140,26324.854,18379946400.000
archetype_query4_dense,10000,1,10000,0,5044,5948.330,81323201440.000
archetype_query4_dense,10000,1,10000,1,5097,5886.445,82177707720.000
archetype_query4_dense,10000,1,10000,2,5076,5910.174,81839129760.000
archetype_query4_dense,10000,1,10000,3,5189,5781.854,83661001640.000
archetype_query4_dense,10000,1,10000,4,5170,5803.071,83354669200.000
archetype_query4_dense,10000,1,10000,5,5193,5777.473,83725492680.000
archetype_query4_dense,10000,1,10000,6,5169,5804.830,83338546440.000
sparse_query2_one_percent,10000,1,10000,0,2070,14498.128,31304113200.000
sparse_query2_one_percent,10000,1,10000,1,1947,15409.027,29444013720.000
sparse_query2_one_percent,10000,1,10000,2,2061,14562.147,31168008360.000
sparse_query2_one_percent,10000,1,10000,3,1811,16567.849,27387318360.000
sparse_query2_one_percent,10000,1,10000,4,1815,16529.752,27447809400.000
sparse_query2_one_percent,10000,1,10000,5,2045,14671.190,30926044200.000
sparse_query2_one_percent,10000,1,10000,6,2036,14735.081,30789939360.000
archetype_query2_one_percent,10000,1,10000,0,5079,5907.241,76808498040.000
archetype_query2_one_percent,10000,1,10000,1,5041,5951.613,76233833160.000
archetype_query2_one_percent,10000,1,10000,2,5098,5885.519,77095830480.000
archetype_query2_one_percent,10000,1,10000,3,5135,5843.281,77655372600.000
archetype_query2_one_percent,10000,1,10000,4,5162,5812.371,78063687120.000
archetype_query2_one_percent,10000,1,10000,5,5174,5799.108,78245160240.000
archetype_query2_one_percent,10000,1,10000,6,5260,5704.072,79545717600.000
sparse_query4_one_percent,10000,1,100,0,74075,404.998,11798666000.000
sparse_query4_one_percent,10000,1,100,1,73850,406.229,11762828000.000
sparse_query4_one_percent,10000,1,100,2,72676,412.793,11575833280.000
sparse_query4_one_percent,10000,1,100,3,73470,408.334,11702301600.000
sparse_query4_one_percent,10000,1,100,4,73885,406.041,11768402800.000
sparse_query4_one_percent,10000,1,100,5,73823,406.379,11758527440.000
sparse_query4_one_percent,10000,1,100,6,74314,403.695,11836733920.000
archetype_query4_one_percent,10000,1,100,0,513851,58.383,81846187280.000
archetype_query4_one_percent,10000,1,100,1,528391,56.776,84162118480.000
archetype_query4_one_percent,10000,1,100,2,522819,57.381,83274610320.000
archetype_query4_one_percent,10000,1,100,3,528293,56.787,84146509040.000
archetype_query4_one_percent,10000,1,100,4,533653,56.216,85000249840.000
archetype_query4_one_percent,10000,1,100,5,517345,57.988,82402711600.000
archetype_query4_one_percent,10000,1,100,6,528155,56.802,84124528400.000
sparse_churn_tag_roundtrip,10000,1,9999,0,96,315503.042,960000.000
sparse_churn_tag_roundtrip,10000,1,9999,1,96,315455.729,960000.000
sparse_churn_tag_roundtrip,10000,1,9999,2,96,312953.562,960000.000
sparse_churn_tag_roundtrip,10000,1,9999,3,90,334121.300,900000.000
sparse_churn_tag_roundtrip,10000,1,9999,4,95,318550.432,950000.000
sparse_churn_tag_roundtrip,10000,1,9999,5,95,317042.537,950000.000
sparse_churn_tag_roundtrip,10000,1,9999,6,95,318159.653,950000.000
archetype_churn_tag_roundtrip,10000,1,9999,0,166,181031.127,1659834.000
archetype_churn_tag_roundtrip,10000,1,9999,1,167,180473.802,1669833.000
archetype_churn_tag_roundtrip,10000,1,9999,2,159,189221.434,1589841.000
archetype_churn_tag_roundtrip,10000,1,9999,3,168,179288.446,1679832.000
archetype_churn_tag_roundtrip,10000,1,9999,4,171,176239.275,1709829.000
archetype_churn_tag_roundtrip,10000,1,9999,5,142,221890.556,1419858.000
archetype_churn_tag_roundtrip,10000,1,9999,6,166,180740.964,1659834.000
sparse_query2_dense,100000,1,100000,0,196,153435.378,30124256064.000
sparse_query2_dense,100000,1,100000,1,195,153963.036,29970560880.000
sparse_query2_dense,100000,1,100000,2,197,152321.274,30277951248.000
sparse_query2_dense,100000,1,100000,3,195,154387.821,29970560880.000
sparse_query2_dense,100000,1,100000,4,167,179942.862,25667095728.000
sparse_query2_dense,100000,1,100000,5,184,163465.582,28279913856.000
sparse_query2_dense,100000,1,100000,6,192,157011.719,29509475328.000
archetype_query2_dense,100000,1,100000,0,503,59736.748,77308677552.000
archetype_query2_dense,100000,1,100000,1,516,58199.531,79306714944.000
archetype_query2_dense,100000,1,100000,2,518,57995.737,79614105312.000
archetype_query2_dense,100000,1,100000,3,528,56890.705,81151057152.000
archetype_query2_dense,100000,1,100000,4,521,57667.146,80075190864.000
archetype_query2_dense,100000,1,100000,5,473,63502.907,72697822032.000
archetype_query2_dense,100000,1,100000,6,515,58308.252,79153019760.000
sparse_query4_dense,100000,1,100000,0,98,308642.429,16042128032.000
sparse_query4_dense,100000,1,100000,1,97,311697.588,15878432848.000
sparse_query4_dense,100000,1,100000,2,102,295296.157,16696908768.000
sparse_query4_dense,100000,1,100000,3,107,282625.000,17515384688.000
sparse_query4_dense,100000,1,100000,4,97,310554.557,15878432848.000
sparse_query4_dense,100000,1,100000,5,101,298396.455,16533213584.000
sparse_query4_dense,100000,1,100000,6,105,287920.238,17187994320.000
archetype_query4_dense,100000,1,100000,0,503,59671.388,82338677552.000
archetype_query4_dense,100000,1,100000,1,505,59488.861,82666067920.000
archetype_query4_dense,100000,1,100000,2,470,63914.628,76936736480.000
archetype_query4_dense,100000,1,100000,3,520,57747.356,85121495680.000
archetype_query4_dense,100000,1,100000,4,493,60876.521,80701725712.000
archetype_query4_dense,100000,1,100000,5,505,59440.347,82666067920.000
archetype_query4_dense,100000,1,100000,6,465,64664.159,76118260560.000
sparse_query2_one_percent,100000,1,100000,0,188,160325.798,28894694592.000
sparse_query2_one_percent,100000,1,100000,1,186,161667.118,28587304224.000
sparse_query2_one_percent,100000,1,100000,2,144,208545.431,22132106496.000
sparse_query2_one_percent,100000,1,100000,3,122,245910.525,18750812448.000
sparse_query2_one_percent,100000,1,100000,4,168,179152.280,25820790912.000
sparse_query2_one_percent,100000,1,100000,5,147,204824.544,22593192048.000
sparse_query2_one_percent,100000,1,100000,6,168,178906.250,25820790912.000
archetype_query2_one_percent,100000,1,100000,0,449,66905.624,69009137616.000
archetype_query2_one_percent,100000,1,100000,1,415,72403.113,63783501360.000
archetype_query2_one_percent,100000,1,100000,2,420,71536.707,64551977280.000
archetype_query2_one_percent,100000,1,100000,3,424,70911.066,65166758016.000
archetype_query2_one_percent,100000,1,100000,4,499,60147.796,76693896816.000
archetype_query2_one_percent,100000,1,100000,5,501,59926.980,77001287184.000
archetype_query2_one_percent,100000,1,100000,6,514,58389.916,78999324576.000
sparse_query4_one_percent,100000,1,1000,0,6684,4488.904,10919624064.000
sparse_query4_one_percent,100000,1,1000,1,6384,4699.640,10429515264.000
sparse_query4_one_percent,100000,1,1000,2,6876,4363.390,11233293696.000
sparse_query4_one_percent,100000,1,1000,3,6712,4469.886,10965367552.000
sparse_query4_one_percent,100000,1,1000,4,6966,4306.919,11380326336.000
sparse_query4_one_percent,100000,1,1000,5,7012,4278.790,11455476352.000
sparse_query4_one_percent,100000,1,1000,6,6940,4323.061,11337850240.000
archetype_query4_one_percent,100000,1,1000,0,51104,587.046,83488400384.000
archetype_query4_one_percent,100000,1,1000,1,50705,591.664,82836555680.000
archetype_query4_one_percent,100000,1,1000,2,51164,586.352,83586422144.000
archetype_query4_one_percent,100000,1,1000,3,52019,576.715,84983232224.000
archetype_query4_one_percent,100000,1,1000,4,51485,582.701,84110838560.000
archetype_query4_one_percent,100000,1,1000,5,45175,664.088,73802216800.000
archetype_query4_one_percent,100000,1,1000,6,50131,598.432,81898814176.000
sparse_churn_tag_roundtrip,100000,1,99999,0,8,4209984.375,800000.000
sparse_churn_tag_roundtrip,100000,1,99999,1,8,4194328.125,800000.000
sparse_churn_tag_roundtrip,100000,1,99999,2,8,4031406.250,800000.000
sparse_churn_tag_roundtrip,100000,1,99999,3,8,4548718.750,800000.000
sparse_churn_tag_roundtrip,100000,1,99999,4,7,4361601.143,700000.000
sparse_churn_tag_roundtrip,100000,1,99999,5,8,4039593.750,800000.000
sparse_churn_tag_roundtrip,100000,1,99999,6,8,4070411.500,800000.000
archetype_churn_tag_roundtrip,100000,1,99999,0,15,2045222.267,1499985.000
archetype_churn_tag_roundtrip,100000,1,99999,1,15,2088966.667,1499985.000
archetype_churn_tag_roundtrip,100000,1,99999,2,15,2079000.000,1499985.000
archetype_churn_tag_roundtrip,100000,1,99999,3,15,2011769.400,1499985.000
archetype_churn_tag_roundtrip,100000,1,99999,4,16,2041388.000,1599984.000
archetype_churn_tag_roundtrip,100000,1,99999,5,16,1985648.438,1599984.000
archetype_churn_tag_roundtrip,100000,1,99999,6,15,2014777.800,1499985.000
sparse_churn_wide_roundtrip,1000,1,999,0,1270,23636.876,1270000.000
sparse_churn_wide_roundtrip,1000,1,999,1,1257,23877.486,1257000.000
sparse_churn_wide_roundtrip,1000,1,999,2,1279,23468.205,1279000.000
sparse_churn_wide_roundtrip,1000,1,999,3,1173,25603.012,1173000.000
sparse_churn_wide_roundtrip,1000,1,999,4,1248,24039.497,1248000.000
sparse_churn_wide_roundtrip,1000,1,999,5,1312,22879.415,1312000.000
sparse_churn_wide_roundtrip,1000,1,999,6,1273,23580.846,1273000.000
archetype_churn_wide_roundtrip,1000,1,999,0,891,33704.593,890109.000
archetype_churn_wide_roundtrip,1000,1,999,1,880,34107.860,879120.000
archetype_churn_wide_roundtrip,1000,1,999,2,885,33917.985,884115.000
archetype_churn_wide_roundtrip,1000,1,999,3,884,33962.811,883116.000
archetype_churn_wide_roundtrip,1000,1,999,4,884,33944.287,883116.000
archetype_churn_wide_roundtrip,1000,1,999,5,867,34639.657,866133.000
archetype_churn_wide_roundtrip,1000,1,999,6,890,33714.045,889110.000
sparse_churn_wide_roundtrip,10000,1,9999,0,94,321472.968,940000.000
sparse_churn_wide_roundtrip,10000,1,9999,1,94,320687.053,940000.000
sparse_churn_wide_roundtrip,10000,1,9999,2,95,318436.842,950000.000
sparse_churn_wide_roundtrip,10000,1,9999,3,92,326094.652,920000.000
sparse_churn_wide_roundtrip,10000,1,9999,4,93,324562.280,930000.000
sparse_churn_wide_roundtrip,10000,1,9999,5,91,334307.692,910000.000
sparse_churn_wide_roundtrip,10000,1,9999,6,74,408669.486,740000.000
archetype_churn_wide_roundtrip,10000,1,9999,0,49,631072.286,489951.000
archetype_churn_wide_roundtrip,10000,1,9999,1,58,528710.500,579942.000
archetype_churn_wide_roundtrip,10000,1,9999,2,58,521485.638,579942.000
archetype_churn_wide_roundtrip,10000,1,9999,3,65,463933.985,649935.000
archetype_churn_wide_roundtrip,10000,1,9999,4,69,435135.870,689931.000
archetype_churn_wide_roundtrip,10000,1,9999,5,65,461541.662,649935.000
archetype_churn_wide_roundtrip,10000,1,9999,6,71,426330.986,709929.000
sparse_churn_wide_roundtrip,100000,1,99999,0,9,3413328.667,900000.000
sparse_churn_wide_roundtrip,100000,1,99999,1,7,4520708.286,700000.000
sparse_churn_wide_roundtrip,100000,1,99999,2,8,3930468.750,800000.000
sparse_churn_wide_roundtrip,100000,1,99999,3,9,3535476.778,900000.000
sparse_churn_wide_roundtrip,100000,1,99999,4,8,3782270.750,800000.000
sparse_churn_wide_roundtrip,100000,1,99999,5,9,3672819.444,900000.000
sparse_churn_wide_roundtrip,100000,1,99999,6,9,3469180.556,900000.000
archetype_churn_wide_roundtrip,100000,1,99999,0,6,6696222.167,599994.000
archetype_churn_wide_roundtrip,100000,1,99999,1,6,6603083.333,599994.000
archetype_churn_wide_roundtrip,100000,1,99999,2,7,4792380.857,699993.000
archetype_churn_wide_roundtrip,100000,1,99999,3,7,4603273.714,699993.000
archetype_churn_wide_roundtrip,100000,1,99999,4,7,4583672.714,699993.000
archetype_churn_wide_roundtrip,100000,1,99999,5,7,4675071.429,699993.000
archetype_churn_wide_roundtrip,100000,1,99999,6,7,5025345.286,699993.000
scheduler_sequential_independent_rounds1,0,1,0,0,136989,218.997,0.000
scheduler_sequential_independent_rounds1,0,1,0,1,126774,236.643,0.000
scheduler_sequential_independent_rounds1,0,1,0,2,107648,278.687,0.000
scheduler_sequential_independent_rounds1,0,1,0,3,100000,300.002,0.000
scheduler_sequential_independent_rounds1,0,1,0,4,88463,339.126,0.000
scheduler_sequential_independent_rounds1,0,1,0,5,28648,1047.451,0.000
scheduler_sequential_independent_rounds1,0,1,0,6,46517,649.699,0.000
scheduler_parallel_independent_rounds1,0,1,0,0,89867,333.869,0.000
scheduler_parallel_independent_rounds1,0,1,0,1,72289,415.004,0.000
scheduler_parallel_independent_rounds1,0,1,0,2,45096,665.252,0.000
scheduler_parallel_independent_rounds1,0,1,0,3,88599,338.605,0.000
scheduler_parallel_independent_rounds1,0,1,0,4,104944,285.867,0.000
scheduler_parallel_independent_rounds1,0,1,0,5,33508,935.238,0.000
scheduler_parallel_independent_rounds1,0,1,0,6,84583,354.725,0.000
scheduler_sequential_conflicting_rounds1,0,1,0,0,56094,534.820,0.000
scheduler_sequential_conflicting_rounds1,0,1,0,1,51540,582.083,0.000
scheduler_sequential_conflicting_rounds1,0,1,0,2,39273,763.890,0.000
scheduler_sequential_conflicting_rounds1,0,1,0,3,35659,841.315,0.000
scheduler_sequential_conflicting_rounds1,0,1,0,4,38146,786.453,0.000
scheduler_sequential_conflicting_rounds1,0,1,0,5,44839,669.071,0.000
scheduler_sequential_conflicting_rounds1,0,1,0,6,60957,492.153,0.000
scheduler_parallel_conflicting_rounds1,0,1,0,0,43952,682.566,0.000
scheduler_parallel_conflicting_rounds1,0,1,0,1,43821,684.609,0.000
scheduler_parallel_conflicting_rounds1,0,1,0,2,47986,625.197,0.000
scheduler_parallel_conflicting_rounds1,0,1,0,3,30667,978.260,0.000
scheduler_parallel_conflicting_rounds1,0,1,0,4,59785,501.799,0.000
scheduler_parallel_conflicting_rounds1,0,1,0,5,51330,584.462,0.000
scheduler_parallel_conflicting_rounds1,0,1,0,6,57268,523.858,0.000
scheduler_sequential_independent_rounds16,0,1,0,0,129444,231.762,0.000
scheduler_sequential_independent_rounds16,0,1,0,1,119529,250.987,0.000
scheduler_sequential_independent_rounds16,0,1,0,2,112895,265.734,0.000
scheduler_sequential_independent_rounds16,0,1,0,3,123322,243.269,0.000
scheduler_sequential_independent_rounds16,0,1,0,4,96227,311.764,0.000
scheduler_sequential_independent_rounds16,0,1,0,5,53714,564.940,0.000
scheduler_sequential_independent_rounds16,0,1,0,6,59537,503.894,0.000
scheduler_parallel_independent_rounds16,0,1,0,0,55265,542.844,0.000
scheduler_parallel_independent_rounds16,0,1,0,1,61034,491.536,0.000
scheduler_parallel_independent_rounds16,0,1,0,2,56886,527.378,0.000
scheduler_parallel_independent_rounds16,0,1,0,3,65811,459.902,0.000
scheduler_parallel_independent_rounds16,0,1,0,4,52300,647.588,0.000
scheduler_parallel_independent_rounds16,0,1,0,5,52343,573.147,0.000
scheduler_parallel_independent_rounds16,0,1,0,6,38820,772.807,0.000
scheduler_sequential_conflicting_rounds16,0,1,0,0,22020,1637.856,0.000
scheduler_sequential_conflicting_rounds16,0,1,0,1,23539,1274.507,0.000
scheduler_sequential_conflicting_rounds16,0,1,0,2,21566,1391.088,0.000
scheduler_sequential_conflicting_rounds16,0,1,0,3,20172,1487.826,0.000
scheduler_sequential_conflicting_rounds16,0,1,0,4,11379,2636.505,0.000
scheduler_sequential_conflicting_rounds16,0,1,0,5,34721,886.558,0.000
scheduler_sequential_conflicting_rounds16,0,1,0,6,29287,1024.364,0.000
scheduler_parallel_conflicting_rounds16,0,1,0,0,25891,1188.119,0.000
scheduler_parallel_conflicting_rounds16,0,1,0,1,10206,2939.545,0.000
scheduler_parallel_conflicting_rounds16,0,1,0,2,25599,1474.475,0.000
scheduler_parallel_conflicting_rounds16,0,1,0,3,32548,921.721,0.000
scheduler_parallel_conflicting_rounds16,0,1,0,4,36124,830.481,0.000
scheduler_parallel_conflicting_rounds16,0,1,0,5,20516,1462.294,0.000
scheduler_parallel_conflicting_rounds16,0,1,0,6,9620,3318.624,0.000
scheduler_sequential_independent_rounds1,1000,1,8000,0,1607,18670.348,1607000.000
scheduler_sequential_independent_rounds1,1000,1,8000,1,3086,9721.565,3086000.000
scheduler_sequential_independent_rounds1,1000,1,8000,2,2652,14962.685,2652000.000
scheduler_sequential_independent_rounds1,1000,1,8000,3,2042,14693.683,2042000.000
scheduler_sequential_independent_rounds1,1000,1,8000,4,1173,25576.228,1173000.000
scheduler_sequential_independent_rounds1,1000,1,8000,5,3065,9788.812,3065000.000
scheduler_sequential_independent_rounds1,1000,1,8000,6,3446,11721.162,3446000.000
scheduler_parallel_independent_rounds1,1000,1,8000,0,2679,11607.145,2679000.000
scheduler_parallel_independent_rounds1,1000,1,8000,1,3434,8737.175,3434000.000
scheduler_parallel_independent_rounds1,1000,1,8000,2,1686,19984.851,1686000.000
scheduler_parallel_independent_rounds1,1000,1,8000,3,1060,28306.564,1060000.000
scheduler_parallel_independent_rounds1,1000,1,8000,4,1833,16997.158,1833000.000
scheduler_parallel_independent_rounds1,1000,1,8000,5,736,40771.230,736000.000
scheduler_parallel_independent_rounds1,1000,1,8000,6,2927,10502.093,2927000.000
scheduler_sequential_conflicting_rounds1,1000,1,8000,0,2111,14214.728,2111000.000
scheduler_sequential_conflicting_rounds1,1000,1,8000,1,3066,10552.375,3066000.000
scheduler_sequential_conflicting_rounds1,1000,1,8000,2,4583,6546.349,4583000.000
scheduler_sequential_conflicting_rounds1,1000,1,8000,3,2237,15868.612,2237000.000
scheduler_sequential_conflicting_rounds1,1000,1,8000,4,1993,15318.406,1993000.000
scheduler_sequential_conflicting_rounds1,1000,1,8000,5,2408,12462.244,2408000.000
scheduler_sequential_conflicting_rounds1,1000,1,8000,6,2992,10027.991,2992000.000
scheduler_parallel_conflicting_rounds1,1000,1,8000,0,3953,7591.123,3953000.000
scheduler_parallel_conflicting_rounds1,1000,1,8000,1,971,33660.316,971000.000
scheduler_parallel_conflicting_rounds1,1000,1,8000,2,2263,13256.868,2263000.000
scheduler_parallel_conflicting_rounds1,1000,1,8000,3,3044,9855.823,3044000.000
scheduler_parallel_conflicting_rounds1,1000,1,8000,4,2150,13954.244,2150000.000
scheduler_parallel_conflicting_rounds1,1000,1,8000,5,3161,9771.934,3161000.000
scheduler_parallel_conflicting_rounds1,1000,1,8000,6,3901,7690.528,3901000.000
scheduler_sequential_independent_rounds16,1000,1,8000,0,97,310806.268,97000.000
scheduler_sequential_independent_rounds16,1000,1,8000,1,85,435896.082,85000.000
scheduler_sequential_independent_rounds16,1000,1,8000,2,88,343190.341,88000.000
scheduler_sequential_independent_rounds16,1000,1,8000,3,71,424971.254,71000.000
scheduler_sequential_independent_rounds16,1000,1,8000,4,77,420567.636,77000.000
scheduler_sequential_independent_rounds16,1000,1,8000,5,162,185360.852,162000.000
scheduler_sequential_independent_rounds16,1000,1,8000,6,150,225397.780,150000.000
scheduler_parallel_independent_rounds16,1000,1,8000,0,193,204874.565,193000.000
scheduler_parallel_independent_rounds16,1000,1,8000,1,76,400479.171,76000.000
scheduler_parallel_independent_rounds16,1000,1,8000,2,173,173540.942,173000.000
scheduler_parallel_independent_rounds16,1000,1,8000,3,58,543712.655,58000.000
scheduler_parallel_independent_rounds16,1000,1,8000,4,63,494426.587,63000.000
scheduler_parallel_independent_rounds16,1000,1,8000,5,76,395779.605,76000.000
scheduler_parallel_independent_rounds16,1000,1,8000,6,150,246269.167,150000.000
scheduler_sequential_conflicting_rounds16,1000,1,8000,0,174,172832.138,174000.000
scheduler_sequential_conflicting_rounds16,1000,1,8000,1,39,862449.795,39000.000
scheduler_sequential_conflicting_rounds16,1000,1,8000,2,174,172802.678,174000.000
scheduler_sequential_conflicting_rounds16,1000,1,8000,3,153,196822.444,153000.000
scheduler_sequential_conflicting_rounds16,1000,1,8000,4,119,256175.773,119000.000
scheduler_sequential_conflicting_rounds16,1000,1,8000,5,142,225348.000,142000.000
scheduler_sequential_conflicting_rounds16,1000,1,8000,6,131,254456.107,131000.000
scheduler_parallel_conflicting_rounds16,1000,1,8000,0,153,206568.627,153000.000
scheduler_parallel_conflicting_rounds16,1000,1,8000,1,150,200690.833,150000.000
scheduler_parallel_conflicting_rounds16,1000,1,8000,2,113,265536.876,113000.000
scheduler_parallel_conflicting_rounds16,1000,1,8000,3,112,305050.223,112000.000
scheduler_parallel_conflicting_rounds16,1000,1,8000,4,116,259221.983,116000.000
scheduler_parallel_conflicting_rounds16,1000,1,8000,5,88,363171.875,88000.000
scheduler_parallel_conflicting_rounds16,1000,1,8000,6,121,248444.215,121000.000
scheduler_sequential_independent_rounds1,10000,1,80000,0,107,280561.131,1070000.000
scheduler_sequential_independent_rounds1,10000,1,80000,1,269,116763.628,2690000.000
scheduler_sequential_independent_rounds1,10000,1,80000,2,143,260638.406,1430000.000
scheduler_sequential_independent_rounds1,10000,1,80000,3,252,119076.222,2520000.000
scheduler_sequential_independent_rounds1,10000,1,80000,4,192,156734.594,1920000.000
scheduler_sequential_independent_rounds1,10000,1,80000,5,227,132200.260,2270000.000
scheduler_sequential_independent_rounds1,10000,1,80000,6,193,159497.627,1930000.000
scheduler_parallel_independent_rounds1,10000,1,80000,0,109,275381.119,1090000.000
scheduler_parallel_independent_rounds1,10000,1,80000,1,188,188232.713,1880000.000
scheduler_parallel_independent_rounds1,10000,1,80000,2,324,92602.238,3240000.000
scheduler_parallel_independent_rounds1,10000,1,80000,3,80,376316.150,800000.000
scheduler_parallel_independent_rounds1,10000,1,80000,4,230,130496.922,2300000.000
scheduler_parallel_independent_rounds1,10000,1,80000,5,200,150480.625,2000000.000
scheduler_parallel_independent_rounds1,10000,1,80000,6,141,287945.035,1410000.000
scheduler_sequential_conflicting_rounds1,10000,1,80000,0,206,156516.990,2060000.000
scheduler_sequential_conflicting_rounds1,10000,1,80000,1,235,178115.957,2350000.000
scheduler_sequential_conflicting_rounds1,10000,1,80000,2,276,108766.457,2760000.000
scheduler_sequential_conflicting_rounds1,10000,1,80000,3,234,135247.684,2340000.000
scheduler_sequential_conflicting_rounds1,10000,1,80000,4,337,89146.763,3370000.000
scheduler_sequential_conflicting_rounds1,10000,1,80000,5,199,150872.693,1990000.000
scheduler_sequential_conflicting_rounds1,10000,1,80000,6,200,163724.580,2000000.000
scheduler_parallel_conflicting_rounds1,10000,1,80000,0,158,234167.190,1580000.000
scheduler_parallel_conflicting_rounds1,10000,1,80000,1,382,87866.819,3820000.000
scheduler_parallel_conflicting_rounds1,10000,1,80000,2,369,81359.528,3690000.000
scheduler_parallel_conflicting_rounds1,10000,1,80000,3,265,114659.121,2650000.000
scheduler_parallel_conflicting_rounds1,10000,1,80000,4,259,116168.757,2590000.000
scheduler_parallel_conflicting_rounds1,10000,1,80000,5,295,102006.214,2950000.000
scheduler_parallel_conflicting_rounds1,10000,1,80000,6,139,216351.619,1390000.000
scheduler_sequential_independent_rounds16,10000,1,80000,0,10,3759600.000,100000.000
scheduler_sequential_independent_rounds16,10000,1,80000,1,15,2073455.600,150000.000
scheduler_sequential_independent_rounds16,10000,1,80000,2,16,2025356.750,160000.000
scheduler_sequential_independent_rounds16,10000,1,80000,3,11,2870007.545,110000.000
scheduler_sequential_independent_rounds16,10000,1,80000,4,9,3706384.333,90000.000
scheduler_sequential_independent_rounds16,10000,1,80000,5,12,3336243.000,120000.000
scheduler_sequential_independent_rounds16,10000,1,80000,6,12,2568732.667,120000.000
scheduler_parallel_independent_rounds16,10000,1,80000,0,13,2462067.308,130000.000
scheduler_parallel_independent_rounds16,10000,1,80000,1,15,2037477.800,150000.000
scheduler_parallel_independent_rounds16,10000,1,80000,2,9,3346902.778,90000.000
scheduler_parallel_independent_rounds16,10000,1,80000,3,7,4455619.000,70000.000
scheduler_parallel_independent_rounds16,10000,1,80000,4,10,3022141.700,100000.000
scheduler_parallel_independent_rounds16,10000,1,80000,5,17,1916894.647,170000.000
scheduler_parallel_independent_rounds16,10000,1,80000,6,14,2604830.357,140000.000
scheduler_sequential_conflicting_rounds16,10000,1,80000,0,17,2365174.000,170000.000
scheduler_sequential_conflicting_rounds16,10000,1,80000,1,15,2086966.667,150000.000
scheduler_sequential_conflicting_rounds16,10000,1,80000,2,12,2515066.000,120000.000
scheduler_sequential_conflicting_rounds16,10000,1,80000,3,6,7065166.667,60000.000
scheduler_sequential_conflicting_rounds16,10000,1,80000,4,14,2212788.643,140000.000
scheduler_sequential_conflicting_rounds16,10000,1,80000,5,9,3937074.000,90000.000
scheduler_sequential_conflicting_rounds16,10000,1,80000,6,7,4683666.714,70000.000
scheduler_parallel_conflicting_rounds16,10000,1,80000,0,12,2832743.083,120000.000
scheduler_parallel_conflicting_rounds16,10000,1,80000,1,17,3340345.588,170000.000
scheduler_parallel_conflicting_rounds16,10000,1,80000,2,8,6698703.125,80000.000
scheduler_parallel_conflicting_rounds16,10000,1,80000,3,19,2315894.737,190000.000
scheduler_parallel_conflicting_rounds16,10000,1,80000,4,14,2368288.643,140000.000
scheduler_parallel_conflicting_rounds16,10000,1,80000,5,14,2347648.857,140000.000
scheduler_parallel_conflicting_rounds16,10000,1,80000,6,11,4046651.545,110000.000
scheduler_sequential_independent_rounds1,100000,1,800000,0,37,816587.838,3700000.000
scheduler_sequential_independent_rounds1,100000,1,800000,1,26,1234227.577,2600000.000
scheduler_sequential_independent_rounds1,100000,1,800000,2,31,976772.839,3100000.000
scheduler_sequential_independent_rounds1,100000,1,800000,3,34,1159868.853,3400000.000
scheduler_sequential_independent_rounds1,100000,1,800000,4,27,1114322.556,2700000.000
scheduler_sequential_independent_rounds1,100000,1,800000,5,25,1210250.000,2500000.000
scheduler_sequential_independent_rounds1,100000,1,800000,6,23,1788068.870,2300000.000
scheduler_parallel_independent_rounds1,100000,1,800000,0,16,1881273.438,1600000.000
scheduler_parallel_independent_rounds1,100000,1,800000,1,17,1792308.824,1700000.000
scheduler_parallel_independent_rounds1,100000,1,800000,2,27,1123109.556,2700000.000
scheduler_parallel_independent_rounds1,100000,1,800000,3,40,762527.075,4000000.000
scheduler_parallel_independent_rounds1,100000,1,800000,4,17,1772357.824,1700000.000
scheduler_parallel_independent_rounds1,100000,1,800000,5,20,1550185.400,2000000.000
scheduler_parallel_independent_rounds1,100000,1,800000,6,16,2183763.000,1600000.000
scheduler_sequential_conflicting_rounds1,100000,1,800000,0,29,1065725.552,2900000.000
scheduler_sequential_conflicting_rounds1,100000,1,800000,1,22,1395625.000,2200000.000
scheduler_sequential_conflicting_rounds1,100000,1,800000,2,22,1404058.727,2200000.000
scheduler_sequential_conflicting_rounds1,100000,1,800000,3,8,3788229.250,800000.000
scheduler_sequential_conflicting_rounds1,100000,1,800000,4,20,1530687.500,2000000.000
scheduler_sequential_conflicting_rounds1,100000,1,800000,5,28,1093953.857,2800000.000
scheduler_sequential_conflicting_rounds1,100000,1,800000,6,26,1408511.192,2600000.000
scheduler_parallel_conflicting_rounds1,100000,1,800000,0,24,1291534.708,2400000.000
scheduler_parallel_conflicting_rounds1,100000,1,800000,1,36,850533.583,3600000.000
scheduler_parallel_conflicting_rounds1,100000,1,800000,2,18,1702175.889,1800000.000
scheduler_parallel_conflicting_rounds1,100000,1,800000,3,22,1463414.773,2200000.000
scheduler_parallel_conflicting_rounds1,100000,1,800000,4,17,1797578.412,1700000.000
scheduler_parallel_conflicting_rounds1,100000,1,800000,5,24,1508588.542,2400000.000
scheduler_parallel_conflicting_rounds1,100000,1,800000,6,23,1305375.000,2300000.000
scheduler_sequential_independent_rounds16,100000,1,800000,0,1,34558917.000,100000.000
scheduler_sequential_independent_rounds16,100000,1,800000,1,2,25008812.500,200000.000
scheduler_sequential_independent_rounds16,100000,1,800000,2,2,15417854.000,200000.000
scheduler_sequential_independent_rounds16,100000,1,800000,3,1,34183458.000,100000.000
scheduler_sequential_independent_rounds16,100000,1,800000,4,1,35727917.000,100000.000
scheduler_sequential_independent_rounds16,100000,1,800000,5,1,32667792.000,100000.000
scheduler_sequential_independent_rounds16,100000,1,800000,6,2,16969708.500,200000.000
scheduler_parallel_independent_rounds16,100000,1,800000,0,1,61759958.000,100000.000
scheduler_parallel_independent_rounds16,100000,1,800000,1,1,31521250.000,100000.000
scheduler_parallel_independent_rounds16,100000,1,800000,2,2,24449875.000,200000.000
scheduler_parallel_independent_rounds16,100000,1,800000,3,2,34355396.000,200000.000
scheduler_parallel_independent_rounds16,100000,1,800000,4,2,24311104.000,200000.000
scheduler_parallel_independent_rounds16,100000,1,800000,5,1,36533083.000,100000.000
scheduler_parallel_independent_rounds16,100000,1,800000,6,1,32318334.000,100000.000
scheduler_sequential_conflicting_rounds16,100000,1,800000,0,2,31125583.000,200000.000
scheduler_sequential_conflicting_rounds16,100000,1,800000,1,2,28700791.500,200000.000
scheduler_sequential_conflicting_rounds16,100000,1,800000,2,1,30726000.000,100000.000
scheduler_sequential_conflicting_rounds16,100000,1,800000,3,2,22480062.500,200000.000
scheduler_sequential_conflicting_rounds16,100000,1,800000,4,1,39170500.000,100000.000
scheduler_sequential_conflicting_rounds16,100000,1,800000,5,2,19291250.000,200000.000
scheduler_sequential_conflicting_rounds16,100000,1,800000,6,2,15147875.000,200000.000
scheduler_parallel_conflicting_rounds16,100000,1,800000,0,1,34799458.000,100000.000
scheduler_parallel_conflicting_rounds16,100000,1,800000,1,1,30755375.000,100000.000
scheduler_parallel_conflicting_rounds16,100000,1,800000,2,1,37930500.000,100000.000
scheduler_parallel_conflicting_rounds16,100000,1,800000,3,2,28220520.500,200000.000
scheduler_parallel_conflicting_rounds16,100000,1,800000,4,3,13697486.000,300000.000
scheduler_parallel_conflicting_rounds16,100000,1,800000,5,2,31075291.500,200000.000
scheduler_parallel_conflicting_rounds16,100000,1,800000,6,2,36117166.500,200000.000
scheduler_sequential_independent_rounds1,0,2,0,0,153444,195.511,0.000
scheduler_sequential_independent_rounds1,0,2,0,1,114638,261.696,0.000
scheduler_sequential_independent_rounds1,0,2,0,2,106324,282.158,0.000
scheduler_sequential_independent_rounds1,0,2,0,3,104066,288.280,0.000
scheduler_sequential_independent_rounds1,0,2,0,4,98362,304.998,0.000
scheduler_sequential_independent_rounds1,0,2,0,5,130550,229.798,0.000
scheduler_sequential_independent_rounds1,0,2,0,6,79478,377.470,0.000
scheduler_parallel_independent_rounds1,0,2,0,0,82803,434.570,0.000
scheduler_parallel_independent_rounds1,0,2,0,1,73102,588.080,0.000
scheduler_parallel_independent_rounds1,0,2,0,2,29687,1010.548,0.000
scheduler_parallel_independent_rounds1,0,2,0,3,89178,336.407,0.000
scheduler_parallel_independent_rounds1,0,2,0,4,67356,628.911,0.000
scheduler_parallel_independent_rounds1,0,2,0,5,72963,411.170,0.000
scheduler_parallel_independent_rounds1,0,2,0,6,39393,761.563,0.000
scheduler_sequential_conflicting_rounds1,0,2,0,0,22145,1485.046,0.000
scheduler_sequential_conflicting_rounds1,0,2,0,1,37071,809.269,0.000
scheduler_sequential_conflicting_rounds1,0,2,0,2,28976,1130.906,0.000
scheduler_sequential_conflicting_rounds1,0,2,0,3,27032,1109.816,0.000
scheduler_sequential_conflicting_rounds1,0,2,0,4,22539,1563.649,0.000
scheduler_sequential_conflicting_rounds1,0,2,0,5,17527,1718.705,0.000
scheduler_sequential_conflicting_rounds1,0,2,0,6,12807,2342.508,0.000
scheduler_parallel_conflicting_rounds1,0,2,0,0,21286,1425.164,0.000
scheduler_parallel_conflicting_rounds1,0,2,0,1,21722,1385.360,0.000
scheduler_parallel_conflicting_rounds1,0,2,0,2,13875,2162.216,0.000
scheduler_parallel_conflicting_rounds1,0,2,0,3,24673,1215.943,0.000
scheduler_parallel_conflicting_rounds1,0,2,0,4,25531,1846.256,0.000
scheduler_parallel_conflicting_rounds1,0,2,0,5,26484,1495.055,0.000
scheduler_parallel_conflicting_rounds1,0,2,0,6,20422,1469.047,0.000
scheduler_sequential_independent_rounds16,0,2,0,0,51172,594.204,0.000
scheduler_sequential_independent_rounds16,0,2,0,1,73640,407.390,0.000
scheduler_sequential_independent_rounds16,0,2,0,2,44729,802.193,0.000
scheduler_sequential_independent_rounds16,0,2,0,3,74128,404.809,0.000
scheduler_sequential_independent_rounds16,0,2,0,4,41209,735.791,0.000
scheduler_sequential_independent_rounds16,0,2,0,5,66366,452.157,0.000
scheduler_sequential_independent_rounds16,0,2,0,6,49189,871.128,0.000
scheduler_parallel_independent_rounds16,0,2,0,0,69343,538.087,0.000
scheduler_parallel_independent_rounds16,0,2,0,1,107110,280.086,0.000
scheduler_parallel_independent_rounds16,0,2,0,2,56044,558.112,0.000
scheduler_parallel_independent_rounds16,0,2,0,3,58113,516.241,0.000
scheduler_parallel_independent_rounds16,0,2,0,4,41006,733.615,0.000
scheduler_parallel_independent_rounds16,0,2,0,5,46070,676.715,0.000
scheduler_parallel_independent_rounds16,0,2,0,6,41009,731.549,0.000
scheduler_sequential_conflicting_rounds16,0,2,0,0,19981,1501.447,0.000
scheduler_sequential_conflicting_rounds16,0,2,0,1,11013,3032.053,0.000
scheduler_sequential_conflicting_rounds16,0,2,0,2,364,201568.451,0.000
scheduler_sequential_conflicting_rounds16,0,2,0,3,10497,3174.728,0.000
scheduler_sequential_conflicting_rounds16,0,2,0,4,10772,3342.946,0.000
scheduler_sequential_conflicting_rounds16,0,2,0,5,4290,7468.124,0.000
scheduler_sequential_conflicting_rounds16,0,2,0,6,2931,10245.025,0.000
scheduler_parallel_conflicting_rounds16,0,2,0,0,876,34433.551,0.000
scheduler_parallel_conflicting_rounds16,0,2,0,1,221,195182.502,0.000
scheduler_parallel_conflicting_rounds16,0,2,0,2,7805,7070.622,0.000
scheduler_parallel_conflicting_rounds16,0,2,0,3,12981,2661.027,0.000
scheduler_parallel_conflicting_rounds16,0,2,0,4,4749,7482.804,0.000
scheduler_parallel_conflicting_rounds16,0,2,0,5,185,390831.303,0.000
scheduler_parallel_conflicting_rounds16,0,2,0,6,10493,2859.144,0.000
scheduler_sequential_independent_rounds1,1000,2,8000,0,506,62618.249,506000.000
scheduler_sequential_independent_rounds1,1000,2,8000,1,1773,16962.493,1773000.000
scheduler_sequential_independent_rounds1,1000,2,8000,2,596,77806.557,596000.000
scheduler_sequential_independent_rounds1,1000,2,8000,3,2661,11275.977,2661000.000
scheduler_sequential_independent_rounds1,1000,2,8000,4,1773,16939.439,1773000.000
scheduler_sequential_independent_rounds1,1000,2,8000,5,1006,34764.248,1006000.000
scheduler_sequential_independent_rounds1,1000,2,8000,6,84,368728.667,84000.000
scheduler_parallel_independent_rounds1,1000,2,8000,0,32,1175350.281,32000.000
scheduler_parallel_independent_rounds1,1000,2,8000,1,1109,34682.897,1109000.000
scheduler_parallel_independent_rounds1,1000,2,8000,2,536,58241.838,536000.000
scheduler_parallel_independent_rounds1,1000,2,8000,3,289,161940.886,289000.000
scheduler_parallel_independent_rounds1,1000,2,8000,4,1235,24293.016,1235000.000
scheduler_parallel_independent_rounds1,1000,2,8000,5,1731,17810.225,1731000.000
scheduler_parallel_independent_rounds1,1000,2,8000,6,473,84281.799,473000.000
scheduler_sequential_conflicting_rounds1,1000,2,8000,0,713,68874.299,713000.000
scheduler_sequential_conflicting_rounds1,1000,2,8000,1,859,35795.886,859000.000
scheduler_sequential_conflicting_rounds1,1000,2,8000,2,1049,51739.037,1049000.000
scheduler_sequential_conflicting_rounds1,1000,2,8000,3,459,66035.312,459000.000
scheduler_sequential_conflicting_rounds1,1000,2,8000,4,750,44595.333,750000.000
scheduler_sequential_conflicting_rounds1,1000,2,8000,5,879,38749.762,879000.000
scheduler_sequential_conflicting_rounds1,1000,2,8000,6,791,39992.942,791000.000
scheduler_parallel_conflicting_rounds1,1000,2,8000,0,1480,22235.473,1480000.000
scheduler_parallel_conflicting_rounds1,1000,2,8000,1,161,244038.820,161000.000
scheduler_parallel_conflicting_rounds1,1000,2,8000,2,543,57031.538,543000.000
scheduler_parallel_conflicting_rounds1,1000,2,8000,3,551,56016.031,551000.000
scheduler_parallel_conflicting_rounds1,1000,2,8000,4,827,37293.833,827000.000
scheduler_parallel_conflicting_rounds1,1000,2,8000,5,128,306729.492,128000.000
scheduler_parallel_conflicting_rounds1,1000,2,8000,6,819,37115.792,819000.000
scheduler_sequential_independent_rounds16,1000,2,8000,0,53,604264.943,53000.000
scheduler_sequential_independent_rounds16,1000,2,8000,1,83,406148.590,83000.000
scheduler_sequential_independent_rounds16,1000,2,8000,2,49,652113.959,49000.000
scheduler_sequential_independent_rounds16,1000,2,8000,3,84,524770.833,84000.000
scheduler_sequential_independent_rounds16,1000,2,8000,4,6,6056375.000,6000.000
scheduler_sequential_independent_rounds16,1000,2,8000,5,32,1004727.875,32000.000
scheduler_sequential_independent_rounds16,1000,2,8000,6,89,372265.449,89000.000
scheduler_parallel_independent_rounds16,1000,2,8000,0,43,834473.837,43000.000
scheduler_parallel_independent_rounds16,1000,2,8000,1,52,632320.519,52000.000
scheduler_parallel_independent_rounds16,1000,2,8000,2,13,4707012.846,13000.000
scheduler_parallel_independent_rounds16,1000,2,8000,3,58,517557.466,58000.000
scheduler_parallel_independent_rounds16,1000,2,8000,4,50,749228.320,50000.000
scheduler_parallel_independent_rounds16,1000,2,8000,5,70,498713.686,70000.000
scheduler_parallel_independent_rounds16,1000,2,8000,6,53,572392.302,53000.000
scheduler_sequential_conflicting_rounds16,1000,2,8000,0,38,914785.079,38000.000
scheduler_sequential_conflicting_rounds16,1000,2,8000,1,7,4477714.286,7000.000
scheduler_sequential_conflicting_rounds16,1000,2,8000,2,17,1828661.765,17000.000
scheduler_sequential_conflicting_rounds16,1000,2,8000,3,47,715913.128,47000.000
scheduler_sequential_conflicting_rounds16,1000,2,8000,4,88,1009991.011,88000.000
scheduler_sequential_conflicting_rounds16,1000,2,8000,5,66,455870.591,66000.000
scheduler_sequential_conflicting_rounds16,1000,2,8000,6,43,698113.372,43000.000
scheduler_parallel_conflicting_rounds16,1000,2,8000,0,10,3135441.700,10000.000
scheduler_parallel_conflicting_rounds16,1000,2,8000,1,22,1368206.409,22000.000
scheduler_parallel_conflicting_rounds16,1000,2,8000,2,79,381022.684,79000.000
scheduler_parallel_conflicting_rounds16,1000,2,8000,3,77,389849.571,77000.000
scheduler_parallel_conflicting_rounds16,1000,2,8000,4,67,449159.821,67000.000
scheduler_parallel_conflicting_rounds16,1000,2,8000,5,171,175519.246,171000.000
scheduler_parallel_conflicting_rounds16,1000,2,8000,6,127,242876.646,127000.000
scheduler_sequential_independent_rounds1,10000,2,80000,0,125,263628.664,1250000.000
scheduler_sequential_independent_rounds1,10000,2,80000,1,26,1186408.654,260000.000
scheduler_sequential_independent_rounds1,10000,2,80000,2,61,605206.967,610000.000
scheduler_sequential_independent_rounds1,10000,2,80000,3,54,724079.481,540000.000
scheduler_sequential_independent_rounds1,10000,2,80000,4,92,723691.576,920000.000
scheduler_sequential_independent_rounds1,10000,2,80000,5,15,2324144.400,150000.000
scheduler_sequential_independent_rounds1,10000,2,80000,6,17,1766774.529,170000.000
scheduler_parallel_independent_rounds1,10000,2,80000,0,247,121629.049,2470000.000
scheduler_parallel_independent_rounds1,10000,2,80000,1,76,432116.776,760000.000
scheduler_parallel_independent_rounds1,10000,2,80000,2,90,587995.378,900000.000
scheduler_parallel_independent_rounds1,10000,2,80000,3,57,587099.421,570000.000
scheduler_parallel_independent_rounds1,10000,2,80000,4,22,1602613.636,220000.000
scheduler_parallel_independent_rounds1,10000,2,80000,5,19,1729557.000,190000.000
scheduler_parallel_independent_rounds1,10000,2,80000,6,58,535646.552,580000.000
scheduler_sequential_conflicting_rounds1,10000,2,80000,0,154,323793.831,1540000.000
scheduler_sequential_conflicting_rounds1,10000,2,80000,1,149,246119.403,1490000.000
scheduler_sequential_conflicting_rounds1,10000,2,80000,2,40,1602592.700,400000.000
scheduler_sequential_conflicting_rounds1,10000,2,80000,3,17,1781642.176,170000.000
scheduler_sequential_conflicting_rounds1,10000,2,80000,4,78,439357.372,780000.000
scheduler_sequential_conflicting_rounds1,10000,2,80000,5,165,226682.576,1650000.000
scheduler_sequential_conflicting_rounds1,10000,2,80000,6,16,2037286.438,160000.000
scheduler_parallel_conflicting_rounds1,10000,2,80000,0,30,1171011.100,300000.000
scheduler_parallel_conflicting_rounds1,10000,2,80000,1,175,266283.097,1750000.000
scheduler_parallel_conflicting_rounds1,10000,2,80000,2,52,674803.692,520000.000
scheduler_parallel_conflicting_rounds1,10000,2,80000,3,66,517186.242,660000.000
scheduler_parallel_conflicting_rounds1,10000,2,80000,4,117,299210.111,1170000.000
scheduler_parallel_conflicting_rounds1,10000,2,80000,5,61,519984.295,610000.000
scheduler_parallel_conflicting_rounds1,10000,2,80000,6,44,802605.114,440000.000
scheduler_sequential_independent_rounds16,10000,2,80000,0,6,10234694.333,60000.000
scheduler_sequential_independent_rounds16,10000,2,80000,1,2,15960479.000,20000.000
scheduler_sequential_independent_rounds16,10000,2,80000,2,1,37484959.000,10000.000
scheduler_sequential_independent_rounds16,10000,2,80000,3,2,31142208.000,20000.000
scheduler_sequential_independent_rounds16,10000,2,80000,4,6,14753666.667,60000.000
scheduler_sequential_independent_rounds16,10000,2,80000,5,6,5059944.333,60000.000
scheduler_sequential_independent_rounds16,10000,2,80000,6,4,11229416.750,40000.000
scheduler_parallel_independent_rounds16,10000,2,80000,0,11,2777731.000,110000.000
scheduler_parallel_independent_rounds16,10000,2,80000,1,12,2915809.000,120000.000
scheduler_parallel_independent_rounds16,10000,2,80000,2,5,6225941.600,50000.000
scheduler_parallel_independent_rounds16,10000,2,80000,3,5,7765825.000,50000.000
scheduler_parallel_independent_rounds16,10000,2,80000,4,3,26759791.667,30000.000
scheduler_parallel_independent_rounds16,10000,2,80000,5,11,3447333.364,110000.000
scheduler_parallel_independent_rounds16,10000,2,80000,6,7,9328083.429,70000.000
scheduler_sequential_conflicting_rounds16,10000,2,80000,0,7,7516500.000,70000.000
scheduler_sequential_conflicting_rounds16,10000,2,80000,1,6,7775222.167,60000.000
scheduler_sequential_conflicting_rounds16,10000,2,80000,2,4,8728239.750,40000.000
scheduler_sequential_conflicting_rounds16,10000,2,80000,3,10,3510450.000,100000.000
scheduler_sequential_conflicting_rounds16,10000,2,80000,4,15,2388283.333,150000.000
scheduler_sequential_conflicting_rounds16,10000,2,80000,5,8,4121583.375,80000.000
scheduler_sequential_conflicting_rounds16,10000,2,80000,6,10,3774658.300,100000.000
scheduler_parallel_conflicting_rounds16,10000,2,80000,0,8,5799088.500,80000.000
scheduler_parallel_conflicting_rounds16,10000,2,80000,1,3,10140319.333,30000.000
scheduler_parallel_conflicting_rounds16,10000,2,80000,2,20,5007237.500,200000.000
scheduler_parallel_conflicting_rounds16,10000,2,80000,3,7,4510178.571,70000.000
scheduler_parallel_conflicting_rounds16,10000,2,80000,4,4,9068156.250,40000.000
scheduler_parallel_conflicting_rounds16,10000,2,80000,5,6,5105229.167,60000.000
scheduler_parallel_conflicting_rounds16,10000,2,80000,6,7,4426262.000,70000.000
scheduler_sequential_independent_rounds1,100000,2,800000,0,17,2045169.118,1700000.000
scheduler_sequential_independent_rounds1,100000,2,800000,1,11,3850981.091,1100000.000
scheduler_sequential_independent_rounds1,100000,2,800000,2,19,1615581.158,1900000.000
scheduler_sequential_independent_rounds1,100000,2,800000,3,27,2155248.444,2700000.000
scheduler_sequential_independent_rounds1,100000,2,800000,4,13,2517721.154,1300000.000
scheduler_sequential_independent_rounds1,100000,2,800000,5,25,1364901.680,2500000.000
scheduler_sequential_independent_rounds1,100000,2,800000,6,5,8142225.000,500000.000
scheduler_parallel_independent_rounds1,100000,2,800000,0,20,1602943.750,2000000.000
scheduler_parallel_independent_rounds1,100000,2,800000,1,15,2177658.333,1500000.000
scheduler_parallel_independent_rounds1,100000,2,800000,2,21,1445898.810,2100000.000
scheduler_parallel_independent_rounds1,100000,2,800000,3,22,1364676.136,2200000.000
scheduler_parallel_independent_rounds1,100000,2,800000,4,7,6006589.286,700000.000
scheduler_parallel_independent_rounds1,100000,2,800000,5,41,892642.293,4100000.000
scheduler_parallel_independent_rounds1,100000,2,800000,6,19,1742927.632,1900000.000
scheduler_sequential_conflicting_rounds1,100000,2,800000,0,22,1791954.545,2200000.000
scheduler_sequential_conflicting_rounds1,100000,2,800000,1,12,3195590.333,1200000.000
scheduler_sequential_conflicting_rounds1,100000,2,800000,2,12,2545000.000,1200000.000
scheduler_sequential_conflicting_rounds1,100000,2,800000,3,28,1352352.679,2800000.000
scheduler_sequential_conflicting_rounds1,100000,2,800000,4,16,1921369.812,1600000.000
scheduler_sequential_conflicting_rounds1,100000,2,800000,5,37,825270.270,3700000.000
scheduler_sequential_conflicting_rounds1,100000,2,800000,6,27,1155390.444,2700000.000
scheduler_parallel_conflicting_rounds1,100000,2,800000,0,15,2239169.467,1500000.000
scheduler_parallel_conflicting_rounds1,100000,2,800000,1,9,5743736.111,900000.000
scheduler_parallel_conflicting_rounds1,100000,2,800000,2,21,1745287.714,2100000.000
scheduler_parallel_conflicting_rounds1,100000,2,800000,3,19,1624789.474,1900000.000
scheduler_parallel_conflicting_rounds1,100000,2,800000,4,14,2233958.286,1400000.000
scheduler_parallel_conflicting_rounds1,100000,2,800000,5,14,2677738.071,1400000.000
scheduler_parallel_conflicting_rounds1,100000,2,800000,6,10,4007770.900,1000000.000
scheduler_sequential_independent_rounds16,100000,2,800000,0,2,15868542.000,200000.000
scheduler_sequential_independent_rounds16,100000,2,800000,1,3,14353153.000,300000.000
scheduler_sequential_independent_rounds16,100000,2,800000,2,2,23542625.000,200000.000
scheduler_sequential_independent_rounds16,100000,2,800000,3,2,22971604.000,200000.000
scheduler_sequential_independent_rounds16,100000,2,800000,4,2,19871083.500,200000.000
scheduler_sequential_independent_rounds16,100000,2,800000,5,2,19085458.500,200000.000
scheduler_sequential_independent_rounds16,100000,2,800000,6,1,37885500.000,100000.000
scheduler_parallel_independent_rounds16,100000,2,800000,0,2,17804958.500,200000.000
scheduler_parallel_independent_rounds16,100000,2,800000,1,2,18039333.000,200000.000
scheduler_parallel_independent_rounds16,100000,2,800000,2,2,24163333.500,200000.000
scheduler_parallel_independent_rounds16,100000,2,800000,3,2,23828666.500,200000.000
scheduler_parallel_independent_rounds16,100000,2,800000,4,3,17273639.000,300000.000
scheduler_parallel_independent_rounds16,100000,2,800000,5,3,12373972.333,300000.000
scheduler_parallel_independent_rounds16,100000,2,800000,6,3,14110013.667,300000.000
scheduler_sequential_conflicting_rounds16,100000,2,800000,0,2,15798333.000,200000.000
scheduler_sequential_conflicting_rounds16,100000,2,800000,1,2,24023792.000,200000.000
scheduler_sequential_conflicting_rounds16,100000,2,800000,2,2,20938354.000,200000.000
scheduler_sequential_conflicting_rounds16,100000,2,800000,3,2,24277625.000,200000.000
scheduler_sequential_conflicting_rounds16,100000,2,800000,4,1,44456750.000,100000.000
scheduler_sequential_conflicting_rounds16,100000,2,800000,5,1,31753208.000,100000.000
scheduler_sequential_conflicting_rounds16,100000,2,800000,6,1,39187250.000,100000.000
scheduler_parallel_conflicting_rounds16,100000,2,800000,0,2,15287750.000,200000.000
scheduler_parallel_conflicting_rounds16,100000,2,800000,1,1,38651083.000,100000.000
scheduler_parallel_conflicting_rounds16,100000,2,800000,2,2,25999312.500,200000.000
scheduler_parallel_conflicting_rounds16,100000,2,800000,3,2,22729354.000,200000.000
scheduler_parallel_conflicting_rounds16,100000,2,800000,4,2,21292229.000,200000.000
scheduler_parallel_conflicting_rounds16,100000,2,800000,5,2,17276896.000,200000.000
scheduler_parallel_conflicting_rounds16,100000,2,800000,6,2,16866895.500,200000.000
scheduler_sequential_independent_rounds1,0,4,0,0,72500,413.794,0.000
scheduler_sequential_independent_rounds1,0,4,0,1,68464,438.198,0.000
scheduler_sequential_independent_rounds1,0,4,0,2,66318,487.877,0.000
scheduler_sequential_independent_rounds1,0,4,0,3,83531,388.220,0.000
scheduler_sequential_independent_rounds1,0,4,0,4,80451,422.026,0.000
scheduler_sequential_independent_rounds1,0,4,0,5,69612,433.146,0.000
scheduler_sequential_independent_rounds1,0,4,0,6,79699,376.419,0.000
scheduler_parallel_independent_rounds1,0,4,0,0,97772,306.837,0.000
scheduler_parallel_independent_rounds1,0,4,0,1,70189,427.423,0.000
scheduler_parallel_independent_rounds1,0,4,0,2,62803,477.690,0.000
scheduler_parallel_independent_rounds1,0,4,0,3,81302,368.996,0.000
scheduler_parallel_independent_rounds1,0,4,0,4,61565,492.701,0.000
scheduler_parallel_independent_rounds1,0,4,0,5,72110,416.036,0.000
scheduler_parallel_independent_rounds1,0,4,0,6,84270,359.374,0.000
scheduler_sequential_conflicting_rounds1,0,4,0,0,38093,787.568,0.000
scheduler_sequential_conflicting_rounds1,0,4,0,1,37322,803.839,0.000
scheduler_sequential_conflicting_rounds1,0,4,0,2,41547,722.081,0.000
scheduler_sequential_conflicting_rounds1,0,4,0,3,45772,655.433,0.000
scheduler_sequential_conflicting_rounds1,0,4,0,4,30163,994.620,0.000
scheduler_sequential_conflicting_rounds1,0,4,0,5,17759,1736.451,0.000
scheduler_sequential_conflicting_rounds1,0,4,0,6,22091,1358.029,0.000
scheduler_parallel_conflicting_rounds1,0,4,0,0,40731,750.856,0.000
scheduler_parallel_conflicting_rounds1,0,4,0,1,61155,490.560,0.000
scheduler_parallel_conflicting_rounds1,0,4,0,2,29539,1015.632,0.000
scheduler_parallel_conflicting_rounds1,0,4,0,3,41475,723.332,0.000
scheduler_parallel_conflicting_rounds1,0,4,0,4,39329,765.794,0.000
scheduler_parallel_conflicting_rounds1,0,4,0,5,39834,753.140,0.000
scheduler_parallel_conflicting_rounds1,0,4,0,6,38245,858.452,0.000
scheduler_sequential_independent_rounds16,0,4,0,0,102142,293.710,0.000
scheduler_sequential_independent_rounds16,0,4,0,1,55427,563.875,0.000
scheduler_sequential_independent_rounds16,0,4,0,2,34748,863.367,0.000
scheduler_sequential_independent_rounds16,0,4,0,3,71764,418.037,0.000
scheduler_sequential_independent_rounds16,0,4,0,4,54084,554.694,0.000
scheduler_sequential_independent_rounds16,0,4,0,5,9152,5686.576,0.000
scheduler_sequential_independent_rounds16,0,4,0,6,30717,976.659,0.000
scheduler_parallel_independent_rounds16,0,4,0,0,65033,461.306,0.000
scheduler_parallel_independent_rounds16,0,4,0,1,109126,274.913,0.000
scheduler_parallel_independent_rounds16,0,4,0,2,107424,279.271,0.000
scheduler_parallel_independent_rounds16,0,4,0,3,87874,341.399,0.000
scheduler_parallel_independent_rounds16,0,4,0,4,74364,403.424,0.000
scheduler_parallel_independent_rounds16,0,4,0,5,69490,431.722,0.000
scheduler_parallel_independent_rounds16,0,4,0,6,51924,660.598,0.000
scheduler_sequential_conflicting_rounds16,0,4,0,0,10602,3912.634,0.000
scheduler_sequential_conflicting_rounds16,0,4,0,1,21792,1376.660,0.000
scheduler_sequential_conflicting_rounds16,0,4,0,2,27452,1139.733,0.000
scheduler_sequential_conflicting_rounds16,0,4,0,3,38028,788.912,0.000
scheduler_sequential_conflicting_rounds16,0,4,0,4,25710,1180.287,0.000
scheduler_sequential_conflicting_rounds16,0,4,0,5,29298,1023.993,0.000
scheduler_sequential_conflicting_rounds16,0,4,0,6,25317,1570.679,0.000
scheduler_parallel_conflicting_rounds16,0,4,0,0,28493,1249.531,0.000
scheduler_parallel_conflicting_rounds16,0,4,0,1,32107,934.387,0.000
scheduler_parallel_conflicting_rounds16,0,4,0,2,18980,1580.618,0.000
scheduler_parallel_conflicting_rounds16,0,4,0,3,24607,1350.424,0.000
scheduler_parallel_conflicting_rounds16,0,4,0,4,35950,834.502,0.000
scheduler_parallel_conflicting_rounds16,0,4,0,5,20521,1469.158,0.000
scheduler_parallel_conflicting_rounds16,0,4,0,6,21860,1372.383,0.000
scheduler_sequential_independent_rounds1,1000,4,8000,0,2160,13890.741,2160000.000
scheduler_sequential_independent_rounds1,1000,4,8000,1,1774,16911.758,1774000.000
scheduler_sequential_independent_rounds1,1000,4,8000,2,2508,11963.567,2508000.000
scheduler_sequential_independent_rounds1,1000,4,8000,3,1858,16531.172,1858000.000
scheduler_sequential_independent_rounds1,1000,4,8000,4,2577,11644.338,2577000.000
scheduler_sequential_independent_rounds1,1000,4,8000,5,1856,16168.597,1856000.000
scheduler_sequential_independent_rounds1,1000,4,8000,6,1471,20397.802,1471000.000
scheduler_parallel_independent_rounds1,1000,4,8000,0,2260,16656.305,2260000.000
scheduler_parallel_independent_rounds1,1000,4,8000,1,2440,15918.716,2440000.000
scheduler_parallel_independent_rounds1,1000,4,8000,2,2883,10406.073,2883000.000
scheduler_parallel_independent_rounds1,1000,4,8000,3,2807,12302.903,2807000.000
scheduler_parallel_independent_rounds1,1000,4,8000,4,3532,8577.789,3532000.000
scheduler_parallel_independent_rounds1,1000,4,8000,5,2440,12295.184,2440000.000
scheduler_parallel_independent_rounds1,1000,4,8000,6,1839,26176.138,1839000.000
scheduler_sequential_conflicting_rounds1,1000,4,8000,0,2621,11464.438,2621000.000
scheduler_sequential_conflicting_rounds1,1000,4,8000,1,1963,16235.396,1963000.000
scheduler_sequential_conflicting_rounds1,1000,4,8000,2,2532,11852.258,2532000.000
scheduler_sequential_conflicting_rounds1,1000,4,8000,3,1933,15521.405,1933000.000
scheduler_sequential_conflicting_rounds1,1000,4,8000,4,3501,9739.479,3501000.000
scheduler_sequential_conflicting_rounds1,1000,4,8000,5,3502,8567.652,3502000.000
scheduler_sequential_conflicting_rounds1,1000,4,8000,6,2962,10203.536,2962000.000
scheduler_parallel_conflicting_rounds1,1000,4,8000,0,2605,11518.090,2605000.000
scheduler_parallel_conflicting_rounds1,1000,4,8000,1,1761,18134.890,1761000.000
scheduler_parallel_conflicting_rounds1,1000,4,8000,2,1791,20695.026,1791000.000
scheduler_parallel_conflicting_rounds1,1000,4,8000,3,2011,15006.609,2011000.000
scheduler_parallel_conflicting_rounds1,1000,4,8000,4,3469,8648.530,3469000.000
scheduler_parallel_conflicting_rounds1,1000,4,8000,5,1832,16379.776,1832000.000
scheduler_parallel_conflicting_rounds1,1000,4,8000,6,1876,15996.513,1876000.000
scheduler_sequential_independent_rounds16,1000,4,8000,0,86,349539.244,86000.000
scheduler_sequential_independent_rounds16,1000,4,8000,1,87,353001.908,87000.000
scheduler_sequential_independent_rounds16,1000,4,8000,2,151,198895.139,151000.000
scheduler_sequential_independent_rounds16,1000,4,8000,3,141,213051.128,141000.000
scheduler_sequential_independent_rounds16,1000,4,8000,4,84,371505.952,84000.000
scheduler_sequential_independent_rounds16,1000,4,8000,5,152,199489.586,152000.000
scheduler_sequential_independent_rounds16,1000,4,8000,6,157,192058.917,157000.000
scheduler_parallel_independent_rounds16,1000,4,8000,0,53,568101.415,53000.000
scheduler_parallel_independent_rounds16,1000,4,8000,1,83,362376.506,83000.000
scheduler_parallel_independent_rounds16,1000,4,8000,2,101,297715.347,101000.000
scheduler_parallel_independent_rounds16,1000,4,8000,3,168,179573.911,168000.000
scheduler_parallel_independent_rounds16,1000,4,8000,4,155,194490.323,155000.000
scheduler_parallel_independent_rounds16,1000,4,8000,5,66,611133.197,66000.000
scheduler_parallel_independent_rounds16,1000,4,8000,6,105,287493.248,105000.000
scheduler_sequential_conflicting_rounds16,1000,4,8000,0,103,292186.087,103000.000
scheduler_sequential_conflicting_rounds16,1000,4,8000,1,134,224560.634,134000.000
scheduler_sequential_conflicting_rounds16,1000,4,8000,2,138,218286.232,138000.000
scheduler_sequential_conflicting_rounds16,1000,4,8000,3,98,382881.378,98000.000
scheduler_sequential_conflicting_rounds16,1000,4,8000,4,111,271861.486,111000.000
scheduler_sequential_conflicting_rounds16,1000,4,8000,5,113,318209.071,113000.000
scheduler_sequential_conflicting_rounds16,1000,4,8000,6,168,178811.756,168000.000
scheduler_parallel_conflicting_rounds16,1000,4,8000,0,121,249252.405,121000.000
scheduler_parallel_conflicting_rounds16,1000,4,8000,1,146,251659.822,146000.000
scheduler_parallel_conflicting_rounds16,1000,4,8000,2,82,366236.793,82000.000
scheduler_parallel_conflicting_rounds16,1000,4,8000,3,79,385305.911,79000.000
scheduler_parallel_conflicting_rounds16,1000,4,8000,4,150,200523.613,150000.000
scheduler_parallel_conflicting_rounds16,1000,4,8000,5,115,264797.461,115000.000
scheduler_parallel_conflicting_rounds16,1000,4,8000,6,115,261140.939,115000.000
scheduler_sequential_independent_rounds1,10000,4,80000,0,329,94860.310,3290000.000
scheduler_sequential_independent_rounds1,10000,4,80000,1,247,121512.146,2470000.000
scheduler_sequential_independent_rounds1,10000,4,80000,2,292,107374.428,2920000.000
scheduler_sequential_independent_rounds1,10000,4,80000,3,305,98662.157,3050000.000
scheduler_sequential_independent_rounds1,10000,4,80000,4,518,57982.948,5180000.000
scheduler_sequential_independent_rounds1,10000,4,80000,5,342,87837.234,3420000.000
scheduler_sequential_independent_rounds1,10000,4,80000,6,476,63025.824,4760000.000
scheduler_parallel_independent_rounds1,10000,4,80000,0,148,215516.892,1480000.000
scheduler_parallel_independent_rounds1,10000,4,80000,1,232,129437.500,2320000.000
scheduler_parallel_independent_rounds1,10000,4,80000,2,501,59928.226,5010000.000
scheduler_parallel_independent_rounds1,10000,4,80000,3,304,114699.836,3040000.000
scheduler_parallel_independent_rounds1,10000,4,80000,4,283,131914.311,2830000.000
scheduler_parallel_independent_rounds1,10000,4,80000,5,319,94141.718,3190000.000
scheduler_parallel_independent_rounds1,10000,4,80000,6,383,78394.909,3830000.000
scheduler_sequential_conflicting_rounds1,10000,4,80000,0,188,204503.324,1880000.000
scheduler_sequential_conflicting_rounds1,10000,4,80000,1,406,74001.744,4060000.000
scheduler_sequential_conflicting_rounds1,10000,4,80000,2,167,191126.994,1670000.000
scheduler_sequential_conflicting_rounds1,10000,4,80000,3,349,86442.814,3490000.000
scheduler_sequential_conflicting_rounds1,10000,4,80000,4,152,348800.711,1520000.000
scheduler_sequential_conflicting_rounds1,10000,4,80000,5,254,125907.807,2540000.000
scheduler_sequential_conflicting_rounds1,10000,4,80000,6,229,136340.249,2290000.000
scheduler_parallel_conflicting_rounds1,10000,4,80000,0,217,204036.484,2170000.000
scheduler_parallel_conflicting_rounds1,10000,4,80000,1,264,135906.564,2640000.000
scheduler_parallel_conflicting_rounds1,10000,4,80000,2,219,137187.977,2190000.000
scheduler_parallel_conflicting_rounds1,10000,4,80000,3,277,108765.942,2770000.000
scheduler_parallel_conflicting_rounds1,10000,4,80000,4,146,205661.815,1460000.000
scheduler_parallel_conflicting_rounds1,10000,4,80000,5,292,105156.818,2920000.000
scheduler_parallel_conflicting_rounds1,10000,4,80000,6,217,138513.631,2170000.000
scheduler_sequential_independent_rounds16,10000,4,80000,0,13,2584548.077,130000.000
scheduler_sequential_independent_rounds16,10000,4,80000,1,9,3375856.556,90000.000
scheduler_sequential_independent_rounds16,10000,4,80000,2,14,2222788.714,140000.000
scheduler_sequential_independent_rounds16,10000,4,80000,3,13,2331105.769,130000.000
scheduler_sequential_independent_rounds16,10000,4,80000,4,16,1934125.000,160000.000
scheduler_sequential_independent_rounds16,10000,4,80000,5,10,3056616.700,100000.000
scheduler_sequential_independent_rounds16,10000,4,80000,6,8,4387796.875,80000.000
scheduler_parallel_independent_rounds16,10000,4,80000,0,12,2664604.167,120000.000
scheduler_parallel_independent_rounds16,10000,4,80000,1,15,2063208.333,150000.000
scheduler_parallel_independent_rounds16,10000,4,80000,2,10,3077150.000,100000.000
scheduler_parallel_independent_rounds16,10000,4,80000,3,20,1522147.950,200000.000
scheduler_parallel_independent_rounds16,10000,4,80000,4,18,1843504.667,180000.000
scheduler_parallel_independent_rounds16,10000,4,80000,5,17,2006705.882,170000.000
scheduler_parallel_independent_rounds16,10000,4,80000,6,19,1675717.105,190000.000
scheduler_sequential_conflicting_rounds16,10000,4,80000,0,13,2514756.385,130000.000
scheduler_sequential_conflicting_rounds16,10000,4,80000,1,11,2827625.000,110000.000
scheduler_sequential_conflicting_rounds16,10000,4,80000,2,15,2136194.467,150000.000
scheduler_sequential_conflicting_rounds16,10000,4,80000,3,9,3421671.222,90000.000
scheduler_sequential_conflicting_rounds16,10000,4,80000,4,15,2022411.133,150000.000
scheduler_sequential_conflicting_rounds16,10000,4,80000,5,9,6641097.222,90000.000
scheduler_sequential_conflicting_rounds16,10000,4,80000,6,15,2382838.867,150000.000
scheduler_parallel_conflicting_rounds16,10000,4,80000,0,12,3445916.667,120000.000
scheduler_parallel_conflicting_rounds16,10000,4,80000,1,10,3177650.000,100000.000
scheduler_parallel_conflicting_rounds16,10000,4,80000,2,10,3302233.400,100000.000
scheduler_parallel_conflicting_rounds16,10000,4,80000,3,17,2159678.941,170000.000
scheduler_parallel_conflicting_rounds16,10000,4,80000,4,9,3440717.556,90000.000
scheduler_parallel_conflicting_rounds16,10000,4,80000,5,8,3847906.250,80000.000
scheduler_parallel_conflicting_rounds16,10000,4,80000,6,16,1922390.625,160000.000
scheduler_sequential_independent_rounds1,100000,4,800000,0,22,1386414.773,2200000.000
scheduler_sequential_independent_rounds1,100000,4,800000,1,44,696911.932,4400000.000
scheduler_sequential_independent_rounds1,100000,4,800000,2,30,1001462.500,3000000.000
scheduler_sequential_independent_rounds1,100000,4,800000,3,18,1994747.667,1800000.000
scheduler_sequential_independent_rounds1,100000,4,800000,4,38,808293.868,3800000.000
scheduler_sequential_independent_rounds1,100000,4,800000,5,22,1377172.318,2200000.000
scheduler_sequential_independent_rounds1,100000,4,800000,6,29,1052606.345,2900000.000
scheduler_parallel_independent_rounds1,100000,4,800000,0,17,1882875.000,1700000.000
scheduler_parallel_independent_rounds1,100000,4,800000,1,28,1106386.929,2800000.000
scheduler_parallel_independent_rounds1,100000,4,800000,2,33,923779.030,3300000.000
scheduler_parallel_independent_rounds1,100000,4,800000,3,27,1282199.074,2700000.000
scheduler_parallel_independent_rounds1,100000,4,800000,4,34,901589.471,3400000.000
scheduler_parallel_independent_rounds1,100000,4,800000,5,22,1389236.773,2200000.000
scheduler_parallel_independent_rounds1,100000,4,800000,6,36,963848.389,3600000.000
scheduler_sequential_conflicting_rounds1,100000,4,800000,0,33,912411.606,3300000.000
scheduler_sequential_conflicting_rounds1,100000,4,800000,1,39,785664.538,3900000.000
scheduler_sequential_conflicting_rounds1,100000,4,800000,2,31,974108.871,3100000.000
scheduler_sequential_conflicting_rounds1,100000,4,800000,3,9,5812976.889,900000.000
scheduler_sequential_conflicting_rounds1,100000,4,800000,4,46,663978.261,4600000.000
scheduler_sequential_conflicting_rounds1,100000,4,800000,5,37,817764.649,3700000.000
scheduler_sequential_conflicting_rounds1,100000,4,800000,6,25,1251928.320,2500000.000
scheduler_parallel_conflicting_rounds1,100000,4,800000,0,35,898382.143,3500000.000
scheduler_parallel_conflicting_rounds1,100000,4,800000,1,22,1440168.545,2200000.000
scheduler_parallel_conflicting_rounds1,100000,4,800000,2,21,1460944.429,2100000.000
scheduler_parallel_conflicting_rounds1,100000,4,800000,3,41,738030.488,4100000.000
scheduler_parallel_conflicting_rounds1,100000,4,800000,4,33,927165.394,3300000.000
scheduler_parallel_conflicting_rounds1,100000,4,800000,5,29,1038945.379,2900000.000
scheduler_parallel_conflicting_rounds1,100000,4,800000,6,30,1018079.167,3000000.000
scheduler_sequential_independent_rounds16,100000,4,800000,0,2,18218250.000,200000.000
scheduler_sequential_independent_rounds16,100000,4,800000,1,2,17784271.000,200000.000
scheduler_sequential_independent_rounds16,100000,4,800000,2,2,15924395.500,200000.000
scheduler_sequential_independent_rounds16,100000,4,800000,3,2,21056666.500,200000.000
scheduler_sequential_independent_rounds16,100000,4,800000,4,2,18159375.000,200000.000
scheduler_sequential_independent_rounds16,100000,4,800000,5,2,17070666.500,200000.000
scheduler_sequential_independent_rounds16,100000,4,800000,6,2,17197979.000,200000.000
scheduler_parallel_independent_rounds16,100000,4,800000,0,4,8580458.250,400000.000
scheduler_parallel_independent_rounds16,100000,4,800000,1,4,10897323.000,400000.000
scheduler_parallel_independent_rounds16,100000,4,800000,2,4,9155416.500,400000.000
scheduler_parallel_independent_rounds16,100000,4,800000,3,5,6237825.000,500000.000
scheduler_parallel_independent_rounds16,100000,4,800000,4,6,5906902.667,600000.000
scheduler_parallel_independent_rounds16,100000,4,800000,5,4,7893666.750,400000.000
scheduler_parallel_independent_rounds16,100000,4,800000,6,3,13027583.333,300000.000
scheduler_sequential_conflicting_rounds16,100000,4,800000,0,2,15101270.500,200000.000
scheduler_sequential_conflicting_rounds16,100000,4,800000,1,3,11115333.333,300000.000
scheduler_sequential_conflicting_rounds16,100000,4,800000,2,3,15749180.667,300000.000
scheduler_sequential_conflicting_rounds16,100000,4,800000,3,3,12282889.000,300000.000
scheduler_sequential_conflicting_rounds16,100000,4,800000,4,2,17559083.000,200000.000
scheduler_sequential_conflicting_rounds16,100000,4,800000,5,2,18134770.500,200000.000
scheduler_sequential_conflicting_rounds16,100000,4,800000,6,3,13722805.667,300000.000
scheduler_parallel_conflicting_rounds16,100000,4,800000,0,3,14982166.667,300000.000
scheduler_parallel_conflicting_rounds16,100000,4,800000,1,3,13455597.333,300000.000
scheduler_parallel_conflicting_rounds16,100000,4,800000,2,2,19182354.500,200000.000
scheduler_parallel_conflicting_rounds16,100000,4,800000,3,2,17706396.000,200000.000
scheduler_parallel_conflicting_rounds16,100000,4,800000,4,2,15842979.000,200000.000
scheduler_parallel_conflicting_rounds16,100000,4,800000,5,3,13745402.667,300000.000
scheduler_parallel_conflicting_rounds16,100000,4,800000,6,3,14386611.333,300000.000
scheduler_sequential_independent_rounds1,0,8,0,0,83618,358.777,0.000
scheduler_sequential_independent_rounds1,0,8,0,1,110269,272.066,0.000
scheduler_sequential_independent_rounds1,0,8,0,2,112842,265.860,0.000
scheduler_sequential_independent_rounds1,0,8,0,3,102217,293.497,0.000
scheduler_sequential_independent_rounds1,0,8,0,4,118103,254.016,0.000
scheduler_sequential_independent_rounds1,0,8,0,5,98414,304.837,0.000
scheduler_sequential_independent_rounds1,0,8,0,6,133877,224.088,0.000
scheduler_parallel_independent_rounds1,0,8,0,0,147700,203.115,0.000
scheduler_parallel_independent_rounds1,0,8,0,1,156703,191.446,0.000
scheduler_parallel_independent_rounds1,0,8,0,2,115423,259.916,0.000
scheduler_parallel_independent_rounds1,0,8,0,3,65457,458.319,0.000
scheduler_parallel_independent_rounds1,0,8,0,4,66542,450.894,0.000
scheduler_parallel_independent_rounds1,0,8,0,5,57861,518.488,0.000
scheduler_parallel_independent_rounds1,0,8,0,6,79985,375.072,0.000
scheduler_sequential_conflicting_rounds1,0,8,0,0,49354,607.862,0.000
scheduler_sequential_conflicting_rounds1,0,8,0,1,53754,559.848,0.000
scheduler_sequential_conflicting_rounds1,0,8,0,2,31330,957.554,0.000
scheduler_sequential_conflicting_rounds1,0,8,0,3,30173,994.271,0.000
scheduler_sequential_conflicting_rounds1,0,8,0,4,34871,860.329,0.000
scheduler_sequential_conflicting_rounds1,0,8,0,5,14007,2141.795,0.000
scheduler_sequential_conflicting_rounds1,0,8,0,6,32197,931.774,0.000
scheduler_parallel_conflicting_rounds1,0,8,0,0,51512,582.393,0.000
scheduler_parallel_conflicting_rounds1,0,8,0,1,52028,576.615,0.000
scheduler_parallel_conflicting_rounds1,0,8,0,2,50992,607.602,0.000
scheduler_parallel_conflicting_rounds1,0,8,0,3,33782,926.650,0.000
scheduler_parallel_conflicting_rounds1,0,8,0,4,43188,712.895,0.000
scheduler_parallel_conflicting_rounds1,0,8,0,5,17505,1713.815,0.000
scheduler_parallel_conflicting_rounds1,0,8,0,6,48561,617.781,0.000
scheduler_sequential_independent_rounds16,0,8,0,0,116307,257.939,0.000
scheduler_sequential_independent_rounds16,0,8,0,1,94745,316.641,0.000
scheduler_sequential_independent_rounds16,0,8,0,2,146998,204.086,0.000
scheduler_sequential_independent_rounds16,0,8,0,3,67749,585.250,0.000
scheduler_sequential_independent_rounds16,0,8,0,4,73778,429.662,0.000
scheduler_sequential_independent_rounds16,0,8,0,5,109179,274.780,0.000
scheduler_sequential_independent_rounds16,0,8,0,6,144420,207.729,0.000
scheduler_parallel_independent_rounds16,0,8,0,0,118227,253.749,0.000
scheduler_parallel_independent_rounds16,0,8,0,1,140118,214.106,0.000
scheduler_parallel_independent_rounds16,0,8,0,2,138292,216.933,0.000
scheduler_parallel_independent_rounds16,0,8,0,3,150901,198.806,0.000
scheduler_parallel_independent_rounds16,0,8,0,4,152719,196.440,0.000
scheduler_parallel_independent_rounds16,0,8,0,5,153498,195.444,0.000
scheduler_parallel_independent_rounds16,0,8,0,6,131658,227.863,0.000
scheduler_sequential_conflicting_rounds16,0,8,0,0,55141,544.065,0.000
scheduler_sequential_conflicting_rounds16,0,8,0,1,63402,473.179,0.000
scheduler_sequential_conflicting_rounds16,0,8,0,2,54068,554.864,0.000
scheduler_sequential_conflicting_rounds16,0,8,0,3,53452,561.260,0.000
scheduler_sequential_conflicting_rounds16,0,8,0,4,62345,481.197,0.000
scheduler_sequential_conflicting_rounds16,0,8,0,5,56135,534.427,0.000
scheduler_sequential_conflicting_rounds16,0,8,0,6,56833,527.870,0.000
scheduler_parallel_conflicting_rounds16,0,8,0,0,64951,461.889,0.000
scheduler_parallel_conflicting_rounds16,0,8,0,1,65435,458.476,0.000
scheduler_parallel_conflicting_rounds16,0,8,0,2,61097,491.025,0.000
scheduler_parallel_conflicting_rounds16,0,8,0,3,37728,795.189,0.000
scheduler_parallel_conflicting_rounds16,0,8,0,4,52998,566.063,0.000
scheduler_parallel_conflicting_rounds16,0,8,0,5,55267,542.823,0.000
scheduler_parallel_conflicting_rounds16,0,8,0,6,56356,532.336,0.000
scheduler_sequential_independent_rounds1,1000,8,8000,0,5959,5034.933,5959000.000
scheduler_sequential_independent_rounds1,1000,8,8000,1,5889,5094.392,5889000.000
scheduler_sequential_independent_rounds1,1000,8,8000,2,3153,9516.175,3153000.000
scheduler_sequential_independent_rounds1,1000,8,8000,3,2508,11962.719,2508000.000
scheduler_sequential_independent_rounds1,1000,8,8000,4,5047,5944.480,5047000.000
scheduler_sequential_independent_rounds1,1000,8,8000,5,4984,6019.939,4984000.000
scheduler_sequential_independent_rounds1,1000,8,8000,6,4247,7065.370,4247000.000
scheduler_parallel_independent_rounds1,1000,8,8000,0,3814,7866.053,3814000.000
scheduler_parallel_independent_rounds1,1000,8,8000,1,5057,5932.668,5057000.000
scheduler_parallel_independent_rounds1,1000,8,8000,2,5412,5543.799,5412000.000
scheduler_parallel_independent_rounds1,1000,8,8000,3,4788,6266.517,4788000.000
scheduler_parallel_independent_rounds1,1000,8,8000,4,5130,5851.113,5130000.000
scheduler_parallel_independent_rounds1,1000,8,8000,5,4601,6520.937,4601000.000
scheduler_parallel_independent_rounds1,1000,8,8000,6,5016,5981.277,5016000.000
scheduler_sequential_conflicting_rounds1,1000,8,8000,0,5086,5898.701,5086000.000
scheduler_sequential_conflicting_rounds1,1000,8,8000,1,4638,6469.159,4638000.000
scheduler_sequential_conflicting_rounds1,1000,8,8000,2,4912,6108.145,4912000.000
scheduler_sequential_conflicting_rounds1,1000,8,8000,3,6015,4987.628,6015000.000
scheduler_sequential_conflicting_rounds1,1000,8,8000,4,6224,4820.594,6224000.000
scheduler_sequential_conflicting_rounds1,1000,8,8000,5,6595,4549.217,6595000.000
scheduler_sequential_conflicting_rounds1,1000,8,8000,6,5631,5327.806,5631000.000
scheduler_parallel_conflicting_rounds1,1000,8,8000,0,5242,5723.197,5242000.000
scheduler_parallel_conflicting_rounds1,1000,8,8000,1,4647,6457.697,4647000.000
scheduler_parallel_conflicting_rounds1,1000,8,8000,2,5685,5278.386,5685000.000
scheduler_parallel_conflicting_rounds1,1000,8,8000,3,4696,6388.504,4696000.000
scheduler_parallel_conflicting_rounds1,1000,8,8000,4,6043,4965.070,6043000.000
scheduler_parallel_conflicting_rounds1,1000,8,8000,5,5958,5035.254,5958000.000
scheduler_parallel_conflicting_rounds1,1000,8,8000,6,4944,6068.349,4944000.000
scheduler_sequential_independent_rounds16,1000,8,8000,0,301,99872.648,301000.000
scheduler_sequential_independent_rounds16,1000,8,8000,1,287,104799.798,287000.000
scheduler_sequential_independent_rounds16,1000,8,8000,2,299,100757.943,299000.000
scheduler_sequential_independent_rounds16,1000,8,8000,3,225,133657.404,225000.000
scheduler_sequential_independent_rounds16,1000,8,8000,4,254,118317.748,254000.000
scheduler_sequential_independent_rounds16,1000,8,8000,5,286,104965.178,286000.000
scheduler_sequential_independent_rounds16,1000,8,8000,6,272,110400.890,272000.000
scheduler_parallel_independent_rounds16,1000,8,8000,0,251,119800.797,251000.000
scheduler_parallel_independent_rounds16,1000,8,8000,1,245,122685.714,245000.000
scheduler_parallel_independent_rounds16,1000,8,8000,2,268,112007.929,268000.000
scheduler_parallel_independent_rounds16,1000,8,8000,3,259,115929.054,259000.000
scheduler_parallel_independent_rounds16,1000,8,8000,4,231,130012.082,231000.000
scheduler_parallel_independent_rounds16,1000,8,8000,5,270,111615.896,270000.000
scheduler_parallel_independent_rounds16,1000,8,8000,6,215,139725.581,215000.000
scheduler_sequential_conflicting_rounds16,1000,8,8000,0,259,116040.382,259000.000
scheduler_sequential_conflicting_rounds16,1000,8,8000,1,276,109140.250,276000.000
scheduler_sequential_conflicting_rounds16,1000,8,8000,2,273,110058.608,273000.000
scheduler_sequential_conflicting_rounds16,1000,8,8000,3,209,143757.373,209000.000
scheduler_sequential_conflicting_rounds16,1000,8,8000,4,250,120265.332,250000.000
scheduler_sequential_conflicting_rounds16,1000,8,8000,5,256,117475.262,256000.000
scheduler_sequential_conflicting_rounds16,1000,8,8000,6,243,123658.782,243000.000
scheduler_parallel_conflicting_rounds16,1000,8,8000,0,237,126745.781,237000.000
scheduler_parallel_conflicting_rounds16,1000,8,8000,1,203,148561.374,203000.000
scheduler_parallel_conflicting_rounds16,1000,8,8000,2,206,145965.209,206000.000
scheduler_parallel_conflicting_rounds16,1000,8,8000,3,234,128340.278,234000.000
scheduler_parallel_conflicting_rounds16,1000,8,8000,4,227,132900.330,227000.000
scheduler_parallel_conflicting_rounds16,1000,8,8000,5,214,140358.841,214000.000
scheduler_parallel_conflicting_rounds16,1000,8,8000,6,193,156084.627,193000.000
scheduler_sequential_independent_rounds1,10000,8,80000,0,454,66120.685,4540000.000
scheduler_sequential_independent_rounds1,10000,8,80000,1,536,56042.756,5360000.000
scheduler_sequential_independent_rounds1,10000,8,80000,2,488,61647.115,4880000.000
scheduler_sequential_independent_rounds1,10000,8,80000,3,508,59091.781,5080000.000
scheduler_sequential_independent_rounds1,10000,8,80000,4,567,52955.982,5670000.000
scheduler_sequential_independent_rounds1,10000,8,80000,5,646,46481.746,6460000.000
scheduler_sequential_independent_rounds1,10000,8,80000,6,642,46789.525,6420000.000
scheduler_parallel_independent_rounds1,10000,8,80000,0,1286,23332.135,12860000.000
scheduler_parallel_independent_rounds1,10000,8,80000,1,1240,24204.839,12400000.000
scheduler_parallel_independent_rounds1,10000,8,80000,2,1322,22700.611,13220000.000
scheduler_parallel_independent_rounds1,10000,8,80000,3,1411,21269.903,14110000.000
scheduler_parallel_independent_rounds1,10000,8,80000,4,1152,26069.155,11520000.000
scheduler_parallel_independent_rounds1,10000,8,80000,5,778,38585.422,7780000.000
scheduler_parallel_independent_rounds1,10000,8,80000,6,644,46634.640,6440000.000
scheduler_sequential_conflicting_rounds1,10000,8,80000,0,579,51824.411,5790000.000
scheduler_sequential_conflicting_rounds1,10000,8,80000,1,601,49924.085,6010000.000
scheduler_sequential_conflicting_rounds1,10000,8,80000,2,624,48092.748,6240000.000
scheduler_sequential_conflicting_rounds1,10000,8,80000,3,539,55696.738,5390000.000
scheduler_sequential_conflicting_rounds1,10000,8,80000,4,553,54266.349,5530000.000
scheduler_sequential_conflicting_rounds1,10000,8,80000,5,533,56305.972,5330000.000
scheduler_sequential_conflicting_rounds1,10000,8,80000,6,637,47142.987,6370000.000
scheduler_parallel_conflicting_rounds1,10000,8,80000,0,628,47837.315,6280000.000
scheduler_parallel_conflicting_rounds1,10000,8,80000,1,610,49205.190,6100000.000
scheduler_parallel_conflicting_rounds1,10000,8,80000,2,629,47712.242,6290000.000
scheduler_parallel_conflicting_rounds1,10000,8,80000,3,545,55098.930,5450000.000
scheduler_parallel_conflicting_rounds1,10000,8,80000,4,585,51288.889,5850000.000
scheduler_parallel_conflicting_rounds1,10000,8,80000,5,639,46992.371,6390000.000
scheduler_parallel_conflicting_rounds1,10000,8,80000,6,632,47520.832,6320000.000
scheduler_sequential_independent_rounds16,10000,8,80000,0,30,1030044.467,300000.000
scheduler_sequential_independent_rounds16,10000,8,80000,1,30,1006234.700,300000.000
scheduler_sequential_independent_rounds16,10000,8,80000,2,30,1016333.333,300000.000
scheduler_sequential_independent_rounds16,10000,8,80000,3,30,1004109.733,300000.000
scheduler_sequential_independent_rounds16,10000,8,80000,4,30,1018695.833,300000.000
scheduler_sequential_independent_rounds16,10000,8,80000,5,28,1075961.321,280000.000
scheduler_sequential_independent_rounds16,10000,8,80000,6,30,1002858.333,300000.000
scheduler_parallel_independent_rounds16,10000,8,80000,0,74,407760.135,740000.000
scheduler_parallel_independent_rounds16,10000,8,80000,1,72,421824.069,720000.000
scheduler_parallel_independent_rounds16,10000,8,80000,2,73,414170.096,730000.000
scheduler_parallel_independent_rounds16,10000,8,80000,3,65,467186.538,650000.000
scheduler_parallel_independent_rounds16,10000,8,80000,4,74,408149.216,740000.000
scheduler_parallel_independent_rounds16,10000,8,80000,5,77,393069.805,770000.000
scheduler_parallel_independent_rounds16,10000,8,80000,6,71,424576.873,710000.000
scheduler_sequential_conflicting_rounds16,10000,8,80000,0,30,1022793.067,300000.000
scheduler_sequential_conflicting_rounds16,10000,8,80000,1,31,991293.032,310000.000
scheduler_sequential_conflicting_rounds16,10000,8,80000,2,31,979200.290,310000.000
scheduler_sequential_conflicting_rounds16,10000,8,80000,3,32,964402.344,320000.000
scheduler_sequential_conflicting_rounds16,10000,8,80000,4,31,970059.161,310000.000
scheduler_sequential_conflicting_rounds16,10000,8,80000,5,31,986403.226,310000.000
scheduler_sequential_conflicting_rounds16,10000,8,80000,6,31,989157.258,310000.000
scheduler_parallel_conflicting_rounds16,10000,8,80000,0,29,1054642.241,290000.000
scheduler_parallel_conflicting_rounds16,10000,8,80000,1,22,1363825.773,220000.000
scheduler_parallel_conflicting_rounds16,10000,8,80000,2,24,1266838.542,240000.000
scheduler_parallel_conflicting_rounds16,10000,8,80000,3,30,1012348.600,300000.000
scheduler_parallel_conflicting_rounds16,10000,8,80000,4,32,958615.875,320000.000
scheduler_parallel_conflicting_rounds16,10000,8,80000,5,31,992013.452,310000.000
scheduler_parallel_conflicting_rounds16,10000,8,80000,6,30,1000084.733,300000.000
scheduler_sequential_independent_rounds1,100000,8,800000,0,63,476812.841,6300000.000
scheduler_sequential_independent_rounds1,100000,8,800000,1,67,450305.358,6700000.000
scheduler_sequential_independent_rounds1,100000,8,800000,2,66,457917.288,6600000.000
scheduler_sequential_independent_rounds1,100000,8,800000,3,65,464370.523,6500000.000
scheduler_sequential_independent_rounds1,100000,8,800000,4,62,489842.081,6200000.000
scheduler_sequential_independent_rounds1,100000,8,800000,5,65,463341.015,6500000.000
scheduler_sequential_independent_rounds1,100000,8,800000,6,65,465289.754,6500000.000
scheduler_parallel_independent_rounds1,100000,8,800000,0,63,519595.238,6300000.000
scheduler_parallel_independent_rounds1,100000,8,800000,1,94,322357.266,9400000.000
scheduler_parallel_independent_rounds1,100000,8,800000,2,97,309778.784,9700000.000
scheduler_parallel_independent_rounds1,100000,8,800000,3,98,307375.857,9800000.000
scheduler_parallel_independent_rounds1,100000,8,800000,4,101,298610.564,10100000.000
scheduler_parallel_independent_rounds1,100000,8,800000,5,125,240744.000,12500000.000
scheduler_parallel_independent_rounds1,100000,8,800000,6,87,347027.782,8700000.000
scheduler_sequential_conflicting_rounds1,100000,8,800000,0,66,458065.030,6600000.000
scheduler_sequential_conflicting_rounds1,100000,8,800000,1,56,552019.357,5600000.000
scheduler_sequential_conflicting_rounds1,100000,8,800000,2,61,496762.984,6100000.000
scheduler_sequential_conflicting_rounds1,100000,8,800000,3,62,490559.129,6200000.000
scheduler_sequential_conflicting_rounds1,100000,8,800000,4,65,465551.292,6500000.000
scheduler_sequential_conflicting_rounds1,100000,8,800000,5,66,455012.000,6600000.000
scheduler_sequential_conflicting_rounds1,100000,8,800000,6,66,457566.288,6600000.000
scheduler_parallel_conflicting_rounds1,100000,8,800000,0,65,462939.108,6500000.000
scheduler_parallel_conflicting_rounds1,100000,8,800000,1,66,459590.273,6600000.000
scheduler_parallel_conflicting_rounds1,100000,8,800000,2,66,459750.636,6600000.000
scheduler_parallel_conflicting_rounds1,100000,8,800000,3,64,470285.797,6400000.000
scheduler_parallel_conflicting_rounds1,100000,8,800000,4,66,459904.045,6600000.000
scheduler_parallel_conflicting_rounds1,100000,8,800000,5,66,458052.394,6600000.000
scheduler_parallel_conflicting_rounds1,100000,8,800000,6,65,463546.154,6500000.000
scheduler_sequential_independent_rounds16,100000,8,800000,0,3,10119875.000,300000.000
scheduler_sequential_independent_rounds16,100000,8,800000,1,3,10104611.000,300000.000
scheduler_sequential_independent_rounds16,100000,8,800000,2,3,10215958.333,300000.000
scheduler_sequential_independent_rounds16,100000,8,800000,3,3,10480097.000,300000.000
scheduler_sequential_independent_rounds16,100000,8,800000,4,3,12297611.000,300000.000
scheduler_sequential_independent_rounds16,100000,8,800000,5,4,9886864.750,400000.000
scheduler_sequential_independent_rounds16,100000,8,800000,6,4,9838145.750,400000.000
scheduler_parallel_independent_rounds16,100000,8,800000,0,10,3171616.700,1000000.000
scheduler_parallel_independent_rounds16,100000,8,800000,1,7,4358065.429,700000.000
scheduler_parallel_independent_rounds16,100000,8,800000,2,9,3581967.556,900000.000
scheduler_parallel_independent_rounds16,100000,8,800000,3,10,3152258.300,1000000.000
scheduler_parallel_independent_rounds16,100000,8,800000,4,10,3012929.100,1000000.000
scheduler_parallel_independent_rounds16,100000,8,800000,5,10,3016808.300,1000000.000
scheduler_parallel_independent_rounds16,100000,8,800000,6,10,3156925.000,1000000.000
scheduler_sequential_conflicting_rounds16,100000,8,800000,0,3,10148944.667,300000.000
scheduler_sequential_conflicting_rounds16,100000,8,800000,1,3,11324791.667,300000.000
scheduler_sequential_conflicting_rounds16,100000,8,800000,2,3,12615597.333,300000.000
scheduler_sequential_conflicting_rounds16,100000,8,800000,3,3,13312958.333,300000.000
scheduler_sequential_conflicting_rounds16,100000,8,800000,4,3,12174791.667,300000.000
scheduler_sequential_conflicting_rounds16,100000,8,800000,5,3,10592069.667,300000.000
scheduler_sequential_conflicting_rounds16,100000,8,800000,6,4,9738562.500,400000.000
scheduler_parallel_conflicting_rounds16,100000,8,800000,0,3,11786944.333,300000.000
scheduler_parallel_conflicting_rounds16,100000,8,800000,1,3,11625014.000,300000.000
scheduler_parallel_conflicting_rounds16,100000,8,800000,2,2,16744396.000,200000.000
scheduler_parallel_conflicting_rounds16,100000,8,800000,3,3,10798458.333,300000.000
scheduler_parallel_conflicting_rounds16,100000,8,800000,4,3,10970611.000,300000.000
scheduler_parallel_conflicting_rounds16,100000,8,800000,5,3,11239069.333,300000.000
scheduler_parallel_conflicting_rounds16,100000,8,800000,6,3,11061986.333,300000.000
typed_query2_dense,1000,1,1000,0,37307,804.142,37307000.000
typed_query2_dense,1000,1,1000,1,25354,1183.290,25354000.000
typed_query2_dense,1000,1,1000,2,30649,978.847,30649000.000
typed_query2_dense,1000,1,1000,3,36529,821.269,36529000.000
typed_query2_dense,1000,1,1000,4,17802,1685.312,17802000.000
typed_query2_dense,1000,1,1000,5,20854,1438.575,20854000.000
typed_query2_dense,1000,1,1000,6,33357,899.364,33357000.000
typed_query4_dense,1000,1,1000,0,26821,1118.541,26821000.000
typed_query4_dense,1000,1,1000,1,35936,834.828,35936000.000
typed_query4_dense,1000,1,1000,2,37673,796.344,37673000.000
typed_query4_dense,1000,1,1000,3,37002,810.785,37002000.000
typed_query4_dense,1000,1,1000,4,36781,815.654,36781000.000
typed_query4_dense,1000,1,1000,5,36977,811.331,36977000.000
typed_query4_dense,1000,1,1000,6,30742,975.885,30742000.000
typed_query2_one_percent,1000,1,1000,0,29195,1027.593,29195000.000
typed_query2_one_percent,1000,1,1000,1,26990,1111.546,26990000.000
typed_query2_one_percent,1000,1,1000,2,32543,921.889,32543000.000
typed_query2_one_percent,1000,1,1000,3,26444,1134.490,26444000.000
typed_query2_one_percent,1000,1,1000,4,26883,1132.268,26883000.000
typed_query2_one_percent,1000,1,1000,5,15861,1891.455,15861000.000
typed_query2_one_percent,1000,1,1000,6,22518,1340.785,22518000.000
typed_query4_one_percent,1000,1,10,0,153210,195.810,153210000.000
typed_query4_one_percent,1000,1,10,1,177282,169.223,177282000.000
typed_query4_one_percent,1000,1,10,2,85722,365.418,85722000.000
typed_query4_one_percent,1000,1,10,3,56868,527.538,56868000.000
typed_query4_one_percent,1000,1,10,4,162735,184.351,162735000.000
typed_query4_one_percent,1000,1,10,5,71685,640.940,71685000.000
typed_query4_one_percent,1000,1,10,6,706,53974.210,706000.000
typed_query2_dense,10000,1,10000,0,429,73342.851,4290000.000
typed_query2_dense,10000,1,10000,1,656,48370.555,6560000.000
typed_query2_dense,10000,1,10000,2,841,35693.371,8410000.000
typed_query2_dense,10000,1,10000,3,1609,18656.826,16090000.000
typed_query2_dense,10000,1,10000,4,1725,17393.768,17250000.000
typed_query2_dense,10000,1,10000,5,1533,19573.005,15330000.000
typed_query2_dense,10000,1,10000,6,1242,24155.461,12420000.000
typed_query4_dense,10000,1,10000,0,540,55989.893,5400000.000
typed_query4_dense,10000,1,10000,1,685,43796.168,6850000.000
typed_query4_dense,10000,1,10000,2,1112,27049.648,11120000.000
typed_query4_dense,10000,1,10000,3,1439,20861.883,14390000.000
typed_query4_dense,10000,1,10000,4,1768,16973.581,17680000.000
typed_query4_dense,10000,1,10000,5,1411,21262.255,14110000.000
typed_query4_dense,10000,1,10000,6,1943,15441.478,19430000.000
typed_query2_one_percent,10000,1,10000,0,2157,13913.248,21570000.000
typed_query2_one_percent,10000,1,10000,1,2353,12772.648,23530000.000
typed_query2_one_percent,10000,1,10000,2,2174,13799.621,21740000.000
typed_query2_one_percent,10000,1,10000,3,2525,11886.139,25250000.000
typed_query2_one_percent,10000,1,10000,4,2684,11181.104,26840000.000
typed_query2_one_percent,10000,1,10000,5,2999,10007.419,29990000.000
typed_query2_one_percent,10000,1,10000,6,2298,13060.215,22980000.000
typed_query4_one_percent,10000,1,100,0,139867,214.491,1398670000.000
typed_query4_one_percent,10000,1,100,1,110366,271.824,1103660000.000
typed_query4_one_percent,10000,1,100,2,104135,288.088,1041350000.000
typed_query4_one_percent,10000,1,100,3,92498,324.332,924980000.000
typed_query4_one_percent,10000,1,100,4,113554,264.195,1135540000.000
typed_query4_one_percent,10000,1,100,5,90707,330.737,907070000.000
typed_query4_one_percent,10000,1,100,6,70129,443.518,701290000.000
typed_query2_dense,100000,1,100000,0,79,381566.975,7900000.000
typed_query2_dense,100000,1,100000,1,159,189196.805,15900000.000
typed_query2_dense,100000,1,100000,2,206,145887.136,20600000.000
typed_query2_dense,100000,1,100000,3,185,163482.432,18500000.000
typed_query2_dense,100000,1,100000,4,128,234963.219,12800000.000
typed_query2_dense,100000,1,100000,5,46,652228.261,4600000.000
typed_query2_dense,100000,1,100000,6,121,248133.950,12100000.000
typed_query4_dense,100000,1,100000,0,67,451609.448,6700000.000
typed_query4_dense,100000,1,100000,1,95,368076.316,9500000.000
typed_query4_dense,100000,1,100000,2,107,280895.252,10700000.000
typed_query4_dense,100000,1,100000,3,60,501488.883,6000000.000
typed_query4_dense,100000,1,100000,4,163,184217.791,16300000.000
typed_query4_dense,100000,1,100000,5,149,201786.913,14900000.000
typed_query4_dense,100000,1,100000,6,163,184526.840,16300000.000
typed_query2_one_percent,100000,1,100000,0,121,251719.008,12100000.000
typed_query2_one_percent,100000,1,100000,1,216,139003.083,21600000.000
typed_query2_one_percent,100000,1,100000,2,218,137740.826,21800000.000
typed_query2_one_percent,100000,1,100000,3,253,121796.281,25300000.000
typed_query2_one_percent,100000,1,100000,4,159,194375.786,15900000.000
typed_query2_one_percent,100000,1,100000,5,44,697484.841,4400000.000
typed_query2_one_percent,100000,1,100000,6,222,135352.288,22200000.000
typed_query4_one_percent,100000,1,1000,0,8457,3547.436,845700000.000
typed_query4_one_percent,100000,1,1000,1,3767,7964.229,376700000.000
typed_query4_one_percent,100000,1,1000,2,541,57978.974,54100000.000
typed_query4_one_percent,100000,1,1000,3,6871,4366.207,687100000.000
typed_query4_one_percent,100000,1,1000,4,3217,9325.640,321700000.000
typed_query4_one_percent,100000,1,1000,5,5026,6051.308,502600000.000
typed_query4_one_percent,100000,1,1000,6,2249,17131.651,224900000.000
typed_chunk_sequential_rounds1,1000,1,1000,0,23816,1259.673,23816000.000
typed_chunk_sequential_rounds1,1000,1,1000,1,13017,2307.156,13017000.000
typed_chunk_sequential_rounds1,1000,1,1000,2,12544,2630.268,12544000.000
typed_chunk_sequential_rounds1,1000,1,1000,3,13745,2182.618,13745000.000
typed_chunk_sequential_rounds1,1000,1,1000,4,18190,1649.262,18190000.000
typed_chunk_sequential_rounds1,1000,1,1000,5,16695,1796.953,16695000.000
typed_chunk_sequential_rounds1,1000,1,1000,6,15140,1981.666,15140000.000
typed_chunk_parallel_rounds1,1000,1,1000,0,10499,2948.443,10499000.000
typed_chunk_parallel_rounds1,1000,1,1000,1,11211,2676.226,11211000.000
typed_chunk_parallel_rounds1,1000,1,1000,2,19912,1506.686,19912000.000
typed_chunk_parallel_rounds1,1000,1,1000,3,11281,2659.616,11281000.000
typed_chunk_parallel_rounds1,1000,1,1000,4,23650,1268.520,23650000.000
typed_chunk_parallel_rounds1,1000,1,1000,5,16063,1867.812,16063000.000
typed_chunk_parallel_rounds1,1000,1,1000,6,15488,1937.177,15488000.000
typed_chunk_sequential_rounds64,1000,1,1000,0,163,184481.086,163000.000
typed_chunk_sequential_rounds64,1000,1,1000,1,318,94788.390,318000.000
typed_chunk_sequential_rounds64,1000,1,1000,2,195,154397.436,195000.000
typed_chunk_sequential_rounds64,1000,1,1000,3,216,139114.583,216000.000
typed_chunk_sequential_rounds64,1000,1,1000,4,237,127190.755,237000.000
typed_chunk_sequential_rounds64,1000,1,1000,5,259,115933.718,259000.000
typed_chunk_sequential_rounds64,1000,1,1000,6,309,97287.757,309000.000
typed_chunk_parallel_rounds64,1000,1,1000,0,211,142594.194,211000.000
typed_chunk_parallel_rounds64,1000,1,1000,1,222,140519.523,222000.000
typed_chunk_parallel_rounds64,1000,1,1000,2,260,115403.204,260000.000
typed_chunk_parallel_rounds64,1000,1,1000,3,208,148056.087,208000.000
typed_chunk_parallel_rounds64,1000,1,1000,4,134,273291.358,134000.000
typed_chunk_parallel_rounds64,1000,1,1000,5,61,756440.574,61000.000
typed_chunk_parallel_rounds64,1000,1,1000,6,216,138958.722,216000.000
typed_chunk_sequential_rounds1,10000,1,10000,0,2480,12098.908,24800000.000
typed_chunk_sequential_rounds1,10000,1,10000,1,2177,13787.954,21770000.000
typed_chunk_sequential_rounds1,10000,1,10000,2,1675,17934.204,16750000.000
typed_chunk_sequential_rounds1,10000,1,10000,3,1621,18509.228,16210000.000
typed_chunk_sequential_rounds1,10000,1,10000,4,1584,18944.787,15840000.000
typed_chunk_sequential_rounds1,10000,1,10000,5,1517,19780.873,15170000.000
typed_chunk_sequential_rounds1,10000,1,10000,6,1432,20954.929,14320000.000
typed_chunk_parallel_rounds1,10000,1,10000,0,1799,16677.761,17990000.000
typed_chunk_parallel_rounds1,10000,1,10000,1,1840,16310.326,18400000.000
typed_chunk_parallel_rounds1,10000,1,10000,2,1812,16557.625,18120000.000
typed_chunk_parallel_rounds1,10000,1,10000,3,1814,16545.641,18140000.000
typed_chunk_parallel_rounds1,10000,1,10000,4,877,34230.995,8770000.000
typed_chunk_parallel_rounds1,10000,1,10000,5,983,30538.657,9830000.000
typed_chunk_parallel_rounds1,10000,1,10000,6,1310,22902.290,13100000.000
typed_chunk_sequential_rounds64,10000,1,10000,0,18,1734655.056,180000.000
typed_chunk_sequential_rounds64,10000,1,10000,1,27,1144899.667,270000.000
typed_chunk_sequential_rounds64,10000,1,10000,2,22,1440096.591,220000.000
typed_chunk_sequential_rounds64,10000,1,10000,3,22,1373596.591,220000.000
typed_chunk_sequential_rounds64,10000,1,10000,4,23,1352853.261,230000.000
typed_chunk_sequential_rounds64,10000,1,10000,5,23,1349972.826,230000.000
typed_chunk_sequential_rounds64,10000,1,10000,6,21,1461273.810,210000.000
typed_chunk_parallel_rounds64,10000,1,10000,0,22,1442206.455,220000.000
typed_chunk_parallel_rounds64,10000,1,10000,1,22,1425954.545,220000.000
typed_chunk_parallel_rounds64,10000,1,10000,2,25,1233551.680,250000.000
typed_chunk_parallel_rounds64,10000,1,10000,3,21,1442369.048,210000.000
typed_chunk_parallel_rounds64,10000,1,10000,4,28,1094172.607,280000.000
typed_chunk_parallel_rounds64,10000,1,10000,5,27,1154790.148,270000.000
typed_chunk_parallel_rounds64,10000,1,10000,6,29,1051869.241,290000.000
typed_chunk_sequential_rounds1,100000,1,100000,0,133,227248.744,13300000.000
typed_chunk_sequential_rounds1,100000,1,100000,1,233,128863.373,23300000.000
typed_chunk_sequential_rounds1,100000,1,100000,2,243,123795.267,24300000.000
typed_chunk_sequential_rounds1,100000,1,100000,3,222,135331.270,22200000.000
typed_chunk_sequential_rounds1,100000,1,100000,4,110,324641.664,11000000.000
typed_chunk_sequential_rounds1,100000,1,100000,5,61,494775.262,6100000.000
typed_chunk_sequential_rounds1,100000,1,100000,6,144,209609.083,14400000.000
typed_chunk_parallel_rounds1,100000,1,100000,0,130,230922.115,13000000.000
typed_chunk_parallel_rounds1,100000,1,100000,1,138,218202.899,13800000.000
typed_chunk_parallel_rounds1,100000,1,100000,2,223,134774.475,22300000.000
typed_chunk_parallel_rounds1,100000,1,100000,3,166,181280.873,16600000.000
typed_chunk_parallel_rounds1,100000,1,100000,4,137,220310.825,13700000.000
typed_chunk_parallel_rounds1,100000,1,100000,5,104,288599.356,10400000.000
typed_chunk_parallel_rounds1,100000,1,100000,6,217,139118.088,21700000.000
typed_chunk_sequential_rounds64,100000,1,100000,0,3,13836514.000,300000.000
typed_chunk_sequential_rounds64,100000,1,100000,1,3,13259722.000,300000.000
typed_chunk_sequential_rounds64,100000,1,100000,2,3,12324680.333,300000.000
typed_chunk_sequential_rounds64,100000,1,100000,3,3,12604986.000,300000.000
typed_chunk_sequential_rounds64,100000,1,100000,4,3,13025472.333,300000.000
typed_chunk_sequential_rounds64,100000,1,100000,5,3,10852416.667,300000.000
typed_chunk_sequential_rounds64,100000,1,100000,6,3,13186069.333,300000.000
typed_chunk_parallel_rounds64,100000,1,100000,0,3,12487194.333,300000.000
typed_chunk_parallel_rounds64,100000,1,100000,1,4,9652177.000,400000.000
typed_chunk_parallel_rounds64,100000,1,100000,2,4,10086198.000,400000.000
typed_chunk_parallel_rounds64,100000,1,100000,3,3,11677402.667,300000.000
typed_chunk_parallel_rounds64,100000,1,100000,4,3,11309903.000,300000.000
typed_chunk_parallel_rounds64,100000,1,100000,5,3,10835194.333,300000.000
typed_chunk_parallel_rounds64,100000,1,100000,6,3,12687375.000,300000.000
typed_chunk_sequential_rounds1,1000,2,1000,0,17378,1726.337,17378000.000
typed_chunk_sequential_rounds1,1000,2,1000,1,25497,1176.619,25497000.000
typed_chunk_sequential_rounds1,1000,2,1000,2,19144,1567.084,19144000.000
typed_chunk_sequential_rounds1,1000,2,1000,3,28390,1056.737,28390000.000
typed_chunk_sequential_rounds1,1000,2,1000,4,27516,1090.305,27516000.000
typed_chunk_sequential_rounds1,1000,2,1000,5,19369,1548.998,19369000.000
typed_chunk_sequential_rounds1,1000,2,1000,6,23477,1277.848,23477000.000
typed_chunk_parallel_rounds1,1000,2,1000,0,21810,1375.525,21810000.000
typed_chunk_parallel_rounds1,1000,2,1000,1,23015,1303.523,23015000.000
typed_chunk_parallel_rounds1,1000,2,1000,2,16917,1773.443,16917000.000
typed_chunk_parallel_rounds1,1000,2,1000,3,17730,1692.057,17730000.000
typed_chunk_parallel_rounds1,1000,2,1000,4,13381,2242.019,13381000.000
typed_chunk_parallel_rounds1,1000,2,1000,5,11558,2595.630,11558000.000
typed_chunk_parallel_rounds1,1000,2,1000,6,22112,1356.748,22112000.000
typed_chunk_sequential_rounds64,1000,2,1000,0,320,93957.422,320000.000
typed_chunk_sequential_rounds64,1000,2,1000,1,264,113709.439,264000.000
typed_chunk_sequential_rounds64,1000,2,1000,2,258,116567.829,258000.000
typed_chunk_sequential_rounds64,1000,2,1000,3,200,150836.460,200000.000
typed_chunk_sequential_rounds64,1000,2,1000,4,300,100052.223,300000.000
typed_chunk_sequential_rounds64,1000,2,1000,5,278,108152.878,278000.000
typed_chunk_sequential_rounds64,1000,2,1000,6,259,115925.351,259000.000
typed_chunk_parallel_rounds64,1000,2,1000,0,269,111649.941,269000.000
typed_chunk_parallel_rounds64,1000,2,1000,1,253,118633.233,253000.000
typed_chunk_parallel_rounds64,1000,2,1000,2,269,111740.859,269000.000
typed_chunk_parallel_rounds64,1000,2,1000,3,241,125206.083,241000.000
typed_chunk_parallel_rounds64,1000,2,1000,4,282,106561.613,282000.000
typed_chunk_parallel_rounds64,1000,2,1000,5,286,105277.535,286000.000
typed_chunk_parallel_rounds64,1000,2,1000,6,233,129531.652,233000.000
typed_chunk_sequential_rounds1,10000,2,10000,0,2336,12845.516,23360000.000
typed_chunk_sequential_rounds1,10000,2,10000,1,2956,10149.837,29560000.000
typed_chunk_sequential_rounds1,10000,2,10000,2,2041,14701.229,20410000.000
typed_chunk_sequential_rounds1,10000,2,10000,3,2083,14403.304,20830000.000
typed_chunk_sequential_rounds1,10000,2,10000,4,2012,14918.820,20120000.000
typed_chunk_sequential_rounds1,10000,2,10000,5,2589,11590.881,25890000.000
typed_chunk_sequential_rounds1,10000,2,10000,6,2639,11369.000,26390000.000
typed_chunk_parallel_rounds1,10000,2,10000,0,1974,15201.114,19740000.000
typed_chunk_parallel_rounds1,10000,2,10000,1,2172,13812.289,21720000.000
typed_chunk_parallel_rounds1,10000,2,10000,2,1862,16116.787,18620000.000
typed_chunk_parallel_rounds1,10000,2,10000,3,2067,14515.441,20670000.000
typed_chunk_parallel_rounds1,10000,2,10000,4,1809,16589.852,18090000.000
typed_chunk_parallel_rounds1,10000,2,10000,5,1687,17788.999,16870000.000
typed_chunk_parallel_rounds1,10000,2,10000,6,1872,16026.821,18720000.000
typed_chunk_sequential_rounds64,10000,2,10000,0,26,1164145.846,260000.000
typed_chunk_sequential_rounds64,10000,2,10000,1,28,1072278.286,280000.000
typed_chunk_sequential_rounds64,10000,2,10000,2,30,1024237.500,300000.000
typed_chunk_sequential_rounds64,10000,2,10000,3,32,957622.406,320000.000
typed_chunk_sequential_rounds64,10000,2,10000,4,26,1195790.038,260000.000
typed_chunk_sequential_rounds64,10000,2,10000,5,28,1076921.107,280000.000
typed_chunk_sequential_rounds64,10000,2,10000,6,29,1062534.483,290000.000
typed_chunk_parallel_rounds64,10000,2,10000,0,37,826594.595,370000.000
typed_chunk_parallel_rounds64,10000,2,10000,1,32,953979.188,320000.000
typed_chunk_parallel_rounds64,10000,2,10000,2,35,859751.200,350000.000
typed_chunk_parallel_rounds64,10000,2,10000,3,45,678148.133,450000.000
typed_chunk_parallel_rounds64,10000,2,10000,4,36,841281.250,360000.000
typed_chunk_parallel_rounds64,10000,2,10000,5,32,981576.812,320000.000
typed_chunk_parallel_rounds64,10000,2,10000,6,39,779056.641,390000.000
typed_chunk_sequential_rounds1,100000,2,100000,0,250,120082.832,25000000.000
typed_chunk_sequential_rounds1,100000,2,100000,1,264,113998.739,26400000.000
typed_chunk_sequential_rounds1,100000,2,100000,2,252,119923.278,25200000.000
typed_chunk_sequential_rounds1,100000,2,100000,3,181,166105.199,18100000.000
typed_chunk_sequential_rounds1,100000,2,100000,4,231,130290.043,23100000.000
typed_chunk_sequential_rounds1,100000,2,100000,5,213,141525.624,21300000.000
typed_chunk_sequential_rounds1,100000,2,100000,6,274,110040.449,27400000.000
typed_chunk_parallel_rounds1,100000,2,100000,0,214,140582.164,21400000.000
typed_chunk_parallel_rounds1,100000,2,100000,1,250,120609.168,25000000.000
typed_chunk_parallel_rounds1,100000,2,100000,2,231,130372.476,23100000.000
typed_chunk_parallel_rounds1,100000,2,100000,3,238,126157.214,23800000.000
typed_chunk_parallel_rounds1,100000,2,100000,4,263,114395.437,26300000.000
typed_chunk_parallel_rounds1,100000,2,100000,5,230,130707.248,23000000.000
typed_chunk_parallel_rounds1,100000,2,100000,6,244,123127.389,24400000.000
typed_chunk_sequential_rounds64,100000,2,100000,0,3,13026611.000,300000.000
typed_chunk_sequential_rounds64,100000,2,100000,1,3,13755305.667,300000.000
typed_chunk_sequential_rounds64,100000,2,100000,2,3,10833125.000,300000.000
typed_chunk_sequential_rounds64,100000,2,100000,3,3,12698416.667,300000.000
typed_chunk_sequential_rounds64,100000,2,100000,4,3,12692847.333,300000.000
typed_chunk_sequential_rounds64,100000,2,100000,5,4,10456843.750,400000.000
typed_chunk_sequential_rounds64,100000,2,100000,6,3,11341014.000,300000.000
typed_chunk_parallel_rounds64,100000,2,100000,0,5,6992925.000,500000.000
typed_chunk_parallel_rounds64,100000,2,100000,1,5,7234783.200,500000.000
typed_chunk_parallel_rounds64,100000,2,100000,2,5,6449750.000,500000.000
typed_chunk_parallel_rounds64,100000,2,100000,3,5,6744016.600,500000.000
typed_chunk_parallel_rounds64,100000,2,100000,4,5,6716358.400,500000.000
typed_chunk_parallel_rounds64,100000,2,100000,5,4,8001604.000,400000.000
typed_chunk_parallel_rounds64,100000,2,100000,6,4,8278323.000,400000.000
typed_chunk_sequential_rounds1,1000,4,1000,0,25876,1159.401,25876000.000
typed_chunk_sequential_rounds1,1000,4,1000,1,26394,1136.646,26394000.000
typed_chunk_sequential_rounds1,1000,4,1000,2,27571,1088.101,27571000.000
typed_chunk_sequential_rounds1,1000,4,1000,3,23747,1263.339,23747000.000
typed_chunk_sequential_rounds1,1000,4,1000,4,28941,1036.612,28941000.000
typed_chunk_sequential_rounds1,1000,4,1000,5,25131,1193.826,25131000.000
typed_chunk_sequential_rounds1,1000,4,1000,6,26564,1129.359,26564000.000
typed_chunk_parallel_rounds1,1000,4,1000,0,21354,1404.893,21354000.000
typed_chunk_parallel_rounds1,1000,4,1000,1,21410,1401.261,21410000.000
typed_chunk_parallel_rounds1,1000,4,1000,2,22485,1334.236,22485000.000
typed_chunk_parallel_rounds1,1000,4,1000,3,19172,1564.815,19172000.000
typed_chunk_parallel_rounds1,1000,4,1000,4,15339,1955.845,15339000.000
typed_chunk_parallel_rounds1,1000,4,1000,5,21295,1408.797,21295000.000
typed_chunk_parallel_rounds1,1000,4,1000,6,15157,1979.289,15157000.000
typed_chunk_sequential_rounds64,1000,4,1000,0,314,95839.968,314000.000
typed_chunk_sequential_rounds64,1000,4,1000,1,302,99478.202,302000.000
typed_chunk_sequential_rounds64,1000,4,1000,2,265,113228.774,265000.000
typed_chunk_sequential_rounds64,1000,4,1000,3,271,110854.089,271000.000
typed_chunk_sequential_rounds64,1000,4,1000,4,259,115919.077,259000.000
typed_chunk_sequential_rounds64,1000,4,1000,5,326,92208.972,326000.000
typed_chunk_sequential_rounds64,1000,4,1000,6,325,92679.102,325000.000
typed_chunk_parallel_rounds64,1000,4,1000,0,261,115060.981,261000.000
typed_chunk_parallel_rounds64,1000,4,1000,1,335,89723.507,335000.000
typed_chunk_parallel_rounds64,1000,4,1000,2,267,112364.232,267000.000
typed_chunk_parallel_rounds64,1000,4,1000,3,327,91821.994,327000.000
typed_chunk_parallel_rounds64,1000,4,1000,4,292,102826.771,292000.000
typed_chunk_parallel_rounds64,1000,4,1000,5,233,129696.352,233000.000
typed_chunk_parallel_rounds64,1000,4,1000,6,264,113716.223,264000.000
typed_chunk_sequential_rounds1,10000,4,10000,0,2356,12735.180,23560000.000
typed_chunk_sequential_rounds1,10000,4,10000,1,2738,10957.649,27380000.000
typed_chunk_sequential_rounds1,10000,4,10000,2,2491,12052.740,24910000.000
typed_chunk_sequential_rounds1,10000,4,10000,3,2802,10707.962,28020000.000
typed_chunk_sequential_rounds1,10000,4,10000,4,2973,10092.471,29730000.000
typed_chunk_sequential_rounds1,10000,4,10000,5,2080,14432.332,20800000.000
typed_chunk_sequential_rounds1,10000,4,10000,6,2856,10505.033,28560000.000
typed_chunk_parallel_rounds1,10000,4,10000,0,2466,12169.438,24660000.000
typed_chunk_parallel_rounds1,10000,4,10000,1,2560,11722.054,25600000.000
typed_chunk_parallel_rounds1,10000,4,10000,2,2681,11192.155,26810000.000
typed_chunk_parallel_rounds1,10000,4,10000,3,2476,12118.319,24760000.000
typed_chunk_parallel_rounds1,10000,4,10000,4,2244,13370.878,22440000.000
typed_chunk_parallel_rounds1,10000,4,10000,5,1981,15145.234,19810000.000
typed_chunk_parallel_rounds1,10000,4,10000,6,1721,17433.663,17210000.000
typed_chunk_sequential_rounds64,10000,4,10000,0,29,1035066.103,290000.000
typed_chunk_sequential_rounds64,10000,4,10000,1,23,1327521.739,230000.000
typed_chunk_sequential_rounds64,10000,4,10000,2,32,962947.906,320000.000
typed_chunk_sequential_rounds64,10000,4,10000,3,29,1038245.690,290000.000
typed_chunk_sequential_rounds64,10000,4,10000,4,23,1341215.609,230000.000
typed_chunk_sequential_rounds64,10000,4,10000,5,23,1335856.870,230000.000
typed_chunk_sequential_rounds64,10000,4,10000,6,32,952712.219,320000.000
typed_chunk_parallel_rounds64,10000,4,10000,0,47,643988.468,470000.000
typed_chunk_parallel_rounds64,10000,4,10000,1,53,567648.585,530000.000
typed_chunk_parallel_rounds64,10000,4,10000,2,52,584907.038,520000.000
typed_chunk_parallel_rounds64,10000,4,10000,3,54,563376.537,540000.000
typed_chunk_parallel_rounds64,10000,4,10000,4,48,631669.271,480000.000
typed_chunk_parallel_rounds64,10000,4,10000,5,46,662434.783,460000.000
typed_chunk_parallel_rounds64,10000,4,10000,6,53,569686.321,530000.000
typed_chunk_sequential_rounds1,100000,4,100000,0,285,105391.519,28500000.000
typed_chunk_sequential_rounds1,100000,4,100000,1,276,109026.420,27600000.000
typed_chunk_sequential_rounds1,100000,4,100000,2,158,190358.120,15800000.000
typed_chunk_sequential_rounds1,100000,4,100000,3,158,190267.930,15800000.000
typed_chunk_sequential_rounds1,100000,4,100000,4,217,138477.917,21700000.000
typed_chunk_sequential_rounds1,100000,4,100000,5,211,142237.559,21100000.000
typed_chunk_sequential_rounds1,100000,4,100000,6,252,120035.385,25200000.000
typed_chunk_parallel_rounds1,100000,4,100000,0,125,240760.000,12500000.000
typed_chunk_parallel_rounds1,100000,4,100000,1,24,1513869.792,2400000.000
typed_chunk_parallel_rounds1,100000,4,100000,2,83,362572.795,8300000.000
typed_chunk_parallel_rounds1,100000,4,100000,3,54,567212.963,5400000.000
typed_chunk_parallel_rounds1,100000,4,100000,4,135,261126.548,13500000.000
typed_chunk_parallel_rounds1,100000,4,100000,5,135,223054.630,13500000.000
typed_chunk_parallel_rounds1,100000,4,100000,6,105,286299.210,10500000.000
typed_chunk_sequential_rounds64,100000,4,100000,0,2,20368041.500,200000.000
typed_chunk_sequential_rounds64,100000,4,100000,1,2,25217437.500,200000.000
typed_chunk_sequential_rounds64,100000,4,100000,2,2,31680354.500,200000.000
typed_chunk_sequential_rounds64,100000,4,100000,3,1,37153625.000,100000.000
typed_chunk_sequential_rounds64,100000,4,100000,4,1,36642333.000,100000.000
typed_chunk_sequential_rounds64,100000,4,100000,5,2,39905708.500,200000.000
typed_chunk_sequential_rounds64,100000,4,100000,6,1,47786458.000,100000.000
typed_chunk_parallel_rounds64,100000,4,100000,0,4,8878291.750,400000.000
typed_chunk_parallel_rounds64,100000,4,100000,1,4,8774677.000,400000.000
typed_chunk_parallel_rounds64,100000,4,100000,2,2,19899208.500,200000.000
typed_chunk_parallel_rounds64,100000,4,100000,3,4,7568177.000,400000.000
typed_chunk_parallel_rounds64,100000,4,100000,4,1,40516416.000,100000.000
typed_chunk_parallel_rounds64,100000,4,100000,5,1,33903333.000,100000.000
typed_chunk_parallel_rounds64,100000,4,100000,6,3,11368958.333,300000.000
typed_chunk_sequential_rounds1,1000,8,1000,0,18782,1597.316,18782000.000
typed_chunk_sequential_rounds1,1000,8,1000,1,24858,1206.935,24858000.000
typed_chunk_sequential_rounds1,1000,8,1000,2,19156,1566.113,19156000.000
typed_chunk_sequential_rounds1,1000,8,1000,3,6195,4842.803,6195000.000
typed_chunk_sequential_rounds1,1000,8,1000,4,9414,6149.941,9414000.000
typed_chunk_sequential_rounds1,1000,8,1000,5,1395,21505.466,1395000.000
typed_chunk_sequential_rounds1,1000,8,1000,6,10586,3390.492,10586000.000
typed_chunk_parallel_rounds1,1000,8,1000,0,7703,4196.255,7703000.000
typed_chunk_parallel_rounds1,1000,8,1000,1,6518,6287.083,6518000.000
typed_chunk_parallel_rounds1,1000,8,1000,2,11104,3013.835,11104000.000
typed_chunk_parallel_rounds1,1000,8,1000,3,5867,7534.835,5867000.000
typed_chunk_parallel_rounds1,1000,8,1000,4,9658,3106.298,9658000.000
typed_chunk_parallel_rounds1,1000,8,1000,5,436,86375.381,436000.000
typed_chunk_parallel_rounds1,1000,8,1000,6,12918,2322.428,12918000.000
typed_chunk_sequential_rounds64,1000,8,1000,0,97,309956.619,97000.000
typed_chunk_sequential_rounds64,1000,8,1000,1,88,342876.898,88000.000
typed_chunk_sequential_rounds64,1000,8,1000,2,45,829104.622,45000.000
typed_chunk_sequential_rounds64,1000,8,1000,3,111,317637.009,111000.000
typed_chunk_sequential_rounds64,1000,8,1000,4,100,351456.250,100000.000
typed_chunk_sequential_rounds64,1000,8,1000,5,112,269091.518,112000.000
typed_chunk_sequential_rounds64,1000,8,1000,6,99,305462.545,99000.000
typed_chunk_parallel_rounds64,1000,8,1000,0,77,389855.519,77000.000
typed_chunk_parallel_rounds64,1000,8,1000,1,66,534093.424,66000.000
typed_chunk_parallel_rounds64,1000,8,1000,2,147,204209.184,147000.000
typed_chunk_parallel_rounds64,1000,8,1000,3,56,536034.232,56000.000
typed_chunk_parallel_rounds64,1000,8,1000,4,217,145030.147,217000.000
typed_chunk_parallel_rounds64,1000,8,1000,5,52,579981.558,52000.000
typed_chunk_parallel_rounds64,1000,8,1000,6,67,495136.194,67000.000
typed_chunk_sequential_rounds1,10000,8,10000,0,1227,24466.687,12270000.000
typed_chunk_sequential_rounds1,10000,8,10000,1,1197,25069.688,11970000.000
typed_chunk_sequential_rounds1,10000,8,10000,2,1367,30363.844,13670000.000
typed_chunk_sequential_rounds1,10000,8,10000,3,733,40956.911,7330000.000
typed_chunk_sequential_rounds1,10000,8,10000,4,812,49217.159,8120000.000
typed_chunk_sequential_rounds1,10000,8,10000,5,223,136057.359,2230000.000
typed_chunk_sequential_rounds1,10000,8,10000,6,333,90093.342,3330000.000
typed_chunk_parallel_rounds1,10000,8,10000,0,492,69363.652,4920000.000
typed_chunk_parallel_rounds1,10000,8,10000,1,474,75447.435,4740000.000
typed_chunk_parallel_rounds1,10000,8,10000,2,692,45539.078,6920000.000
typed_chunk_parallel_rounds1,10000,8,10000,3,350,98658.571,3500000.000
typed_chunk_parallel_rounds1,10000,8,10000,4,1565,19718.983,15650000.000
typed_chunk_parallel_rounds1,10000,8,10000,5,306,98042.892,3060000.000
typed_chunk_parallel_rounds1,10000,8,10000,6,449,70808.648,4490000.000
typed_chunk_sequential_rounds64,10000,8,10000,0,22,1433704.545,220000.000
typed_chunk_sequential_rounds64,10000,8,10000,1,6,5586229.167,60000.000
typed_chunk_sequential_rounds64,10000,8,10000,2,9,4310629.556,90000.000
typed_chunk_sequential_rounds64,10000,8,10000,3,7,4369422.571,70000.000
typed_chunk_sequential_rounds64,10000,8,10000,4,8,3917911.500,80000.000
typed_chunk_sequential_rounds64,10000,8,10000,5,11,3316462.091,110000.000
typed_chunk_sequential_rounds64,10000,8,10000,6,10,3047525.000,100000.000
typed_chunk_parallel_rounds64,10000,8,10000,0,6,5677493.000,60000.000
typed_chunk_parallel_rounds64,10000,8,10000,1,7,4415898.857,70000.000
typed_chunk_parallel_rounds64,10000,8,10000,2,4,8380739.500,40000.000
typed_chunk_parallel_rounds64,10000,8,10000,3,8,5382526.125,80000.000
typed_chunk_parallel_rounds64,10000,8,10000,4,22,1377462.136,220000.000
typed_chunk_parallel_rounds64,10000,8,10000,5,13,2308532.000,130000.000
typed_chunk_parallel_rounds64,10000,8,10000,6,25,1283328.320,250000.000
typed_chunk_sequential_rounds1,100000,8,100000,0,150,205615.560,15000000.000
typed_chunk_sequential_rounds1,100000,8,100000,1,132,227963.068,13200000.000
typed_chunk_sequential_rounds1,100000,8,100000,2,200,150389.585,20000000.000
typed_chunk_sequential_rounds1,100000,8,100000,3,146,206506.849,14600000.000
typed_chunk_sequential_rounds1,100000,8,100000,4,73,411436.068,7300000.000
typed_chunk_sequential_rounds1,100000,8,100000,5,49,635750.000,4900000.000
typed_chunk_sequential_rounds1,100000,8,100000,6,56,536670.375,5600000.000
typed_chunk_parallel_rounds1,100000,8,100000,0,37,873402.027,3700000.000
typed_chunk_parallel_rounds1,100000,8,100000,1,57,551133.053,5700000.000
typed_chunk_parallel_rounds1,100000,8,100000,2,37,813563.081,3700000.000
typed_chunk_parallel_rounds1,100000,8,100000,3,33,910604.788,3300000.000
typed_chunk_parallel_rounds1,100000,8,100000,4,52,618804.481,5200000.000
typed_chunk_parallel_rounds1,100000,8,100000,5,17,2048566.176,1700000.000
typed_chunk_parallel_rounds1,100000,8,100000,6,39,841037.410,3900000.000
typed_chunk_sequential_rounds64,100000,8,100000,0,1,41432458.000,100000.000
typed_chunk_sequential_rounds64,100000,8,100000,1,1,47380208.000,100000.000
typed_chunk_sequential_rounds64,100000,8,100000,2,1,39796209.000,100000.000
typed_chunk_sequential_rounds64,100000,8,100000,3,1,59635791.000,100000.000
typed_chunk_sequential_rounds64,100000,8,100000,4,1,54009625.000,100000.000
typed_chunk_sequential_rounds64,100000,8,100000,5,2,37131208.500,200000.000
typed_chunk_sequential_rounds64,100000,8,100000,6,1,30986167.000,100000.000
typed_chunk_parallel_rounds64,100000,8,100000,0,2,24702604.000,200000.000
typed_chunk_parallel_rounds64,100000,8,100000,1,2,15083375.000,200000.000
typed_chunk_parallel_rounds64,100000,8,100000,2,1,32293875.000,100000.000
typed_chunk_parallel_rounds64,100000,8,100000,3,3,10808333.333,300000.000
typed_chunk_parallel_rounds64,100000,8,100000,4,4,8963281.250,400000.000
typed_chunk_parallel_rounds64,100000,8,100000,5,3,13146416.667,300000.000
typed_chunk_parallel_rounds64,100000,8,100000,6,3,12631736.000,300000.000
